Rank,"Release
Date",Movie,"Production
Budget","Domestic
Gross","Worldwide
Gross"
1,"Dec 16, 2015",Star Wars Ep. VII: The Force Awakens,"$533,200,000.00","$936,662,225.00","$2,056,046,835.00"
2,"Dec 9, 2022",Avatar: The Way of Water,"$460,000,000.00","$684,075,767.00","$2,317,514,386.00"
3,"Jun 28, 2023",Indiana Jones and the Dial of Destiny,"$402,300,000.00","$174,480,468.00","$383,963,057.00"
4,"Apr 23, 2019",Avengers: Endgame,"$400,000,000.00","$858,373,000.00","$2,748,242,781.00"
5,"May 20, 2011",Pirates of the Caribbean: On Stranger Tides,"$379,000,000.00","$241,071,802.00","$1,045,713,802.00"
6,"Apr 22, 2015",Avengers: Age of Ultron,"$365,000,000.00","$459,005,868.00","$1,395,316,979.00"
7,"May 17, 2023",Fast X,"$340,000,000.00","$146,126,015.00","$714,567,285.00"
8,"May 23, 2018",Solo: A Star Wars Story,"$330,400,000.00","$213,767,512.00","$393,151,347.00"
9,"Apr 25, 2018",Avengers: Infinity War,"$300,000,000.00","$678,815,482.00","$2,048,359,754.00"
10,"May 24, 2007",Pirates of the Caribbean: At World’s End,"$300,000,000.00","$309,420,425.00","$960,996,492.00"
11,"Nov 13, 2017",Justice League,"$300,000,000.00","$229,024,295.00","$655,945,209.00"
12,"Jul 11, 2023",Mission: Impossible Dead Reckoning Part One,"$290,000,000.00","$172,640,980.00","$566,644,143.00"
13,"Dec 14, 2016",Rogue One: A Star Wars Story,"$280,200,000.00","$533,539,991.00","$1,055,083,596.00"
14,"Dec 18, 2019",Star Wars: The Rise of Skywalker,"$275,000,000.00","$515,202,542.00","$1,069,951,814.00"
15,"Nov 8, 2023",The Marvels,"$274,800,000.00","$84,500,223.00","$199,706,250.00"
16,"Mar 7, 2012",John Carter,"$263,700,000.00","$73,058,679.00","$282,778,100.00"
17,"Mar 23, 2016",Batman v Superman: Dawn of Justice,"$263,000,000.00","$330,360,194.00","$872,395,091.00"
18,"Dec 13, 2017",Star Wars Ep. VIII: The Last Jedi,"$262,000,000.00","$620,181,382.00","$1,322,581,071.00"
19,"Jul 11, 2019",The Lion King,"$260,000,000.00","$543,638,043.00","$1,661,454,403.00"
20,"Nov 24, 2010",Tangled,"$260,000,000.00","$200,821,936.00","$582,440,151.00"
21,"May 4, 2007",Spider-Man 3,"$258,000,000.00","$337,607,351.00","$895,937,268.00"
22,"Nov 9, 2022",Black Panther: Wakanda Forever,"$250,000,000.00","$453,829,060.00","$853,985,546.00"
23,"Apr 22, 2016",Captain America: Civil War,"$250,000,000.00","$408,084,349.00","$1,151,899,586.00"
24,"May 3, 2023",Guardians of the Galaxy Vol 3,"$250,000,000.00","$358,995,815.00","$845,468,744.00"
25,"Jul 1, 2022",Thor: Love and Thunder,"$250,000,000.00","$343,256,830.00","$760,928,081.00"
26,"Jul 15, 2009",Harry Potter and the Half-Blood Prince,"$250,000,000.00","$302,089,278.00","$926,069,091.00"
27,"May 24, 2023",The Little Mermaid,"$250,000,000.00","$298,172,056.00","$569,626,289.00"
28,"Dec 12, 2013",The Hobbit: The Desolation of Smaug,"$250,000,000.00","$258,241,522.00","$959,358,436.00"
29,"Dec 10, 2014",The Hobbit: The Battle of the Five Armies,"$250,000,000.00","$255,119,788.00","$940,323,039.00"
30,"Apr 7, 2017",The Fate of the Furious,"$250,000,000.00","$225,764,765.00","$1,235,534,014.00"
31,"Sep 29, 2021",No Time to Die,"$250,000,000.00","$160,891,007.00","$758,929,771.00"
32,"Oct 6, 2015",Spectre,"$245,000,000.00","$200,074,175.00","$879,077,344.00"
33,"Dec 17, 2009",Avatar,"$237,000,000.00","$785,221,649.00","$2,923,706,026.00"
34,"Jun 28, 2006",Superman Returns,"$232,000,000.00","$200,120,000.00","$391,081,192.00"
35,"Jul 19, 2012",The Dark Knight Rises,"$230,000,000.00","$448,139,099.00","$1,082,228,107.00"
36,"May 23, 2017",Pirates of the Caribbean: Dead Men Tell No Tales,"$230,000,000.00","$172,558,876.00","$794,861,794.00"
37,"Nov 14, 2008",Quantum of Solace,"$230,000,000.00","$169,368,427.00","$591,692,078.00"
38,"Apr 25, 2012",The Avengers,"$225,000,000.00","$623,357,910.00","$1,515,100,211.00"
39,"Jul 6, 2006",Pirates of the Caribbean: Dead Man’s Chest,"$225,000,000.00","$423,315,812.00","$1,066,179,725.00"
40,"Jun 14, 2013",Man of Steel,"$225,000,000.00","$291,045,518.00","$667,999,518.00"
41,"May 16, 2008",The Chronicles of Narnia: Prince Caspian,"$225,000,000.00","$141,621,490.00","$417,341,288.00"
42,"Jul 2, 2013",The Lone Ranger,"$225,000,000.00","$89,302,115.00","$260,002,115.00"
43,"Jun 27, 2012",The Amazing Spider-Man,"$220,000,000.00","$262,717,220.00","$758,576,824.00"
44,"Apr 11, 2012",Battleship,"$220,000,000.00","$65,233,400.00","$313,477,717.00"
45,"Jun 20, 2017",Transformers: The Last Knight,"$217,000,000.00","$130,168,683.00","$602,893,340.00"
46,"Jun 9, 2015",Jurassic World,"$215,000,000.00","$653,406,625.00","$1,671,063,641.00"
47,"May 23, 2012",Men in Black 3,"$215,000,000.00","$179,020,854.00","$654,213,485.00"
48,"Jun 24, 2009",Transformers: Revenge of the Fallen,"$210,000,000.00","$402,111,870.00","$836,519,699.00"
49,"Jun 25, 2014",Transformers: Age of Extinction,"$210,000,000.00","$245,439,076.00","$1,104,054,072.00"
50,"May 26, 2006",X-Men: The Last Stand,"$210,000,000.00","$234,362,462.00","$459,260,946.00"
51,"May 14, 2010",Robin Hood,"$210,000,000.00","$105,487,148.00","$322,459,006.00"
52,"Dec 14, 2005",King Kong,"$207,000,000.00","$218,080,025.00","$550,517,357.00"
53,"Dec 20, 2023",Aquaman and the Lost Kingdom,"$205,000,000.00","$124,481,226.00","$433,845,564.00"
54,"Dec 7, 2007",The Golden Compass,"$205,000,000.00","$70,107,728.00","$367,262,558.00"
55,"Aug 26, 2020",Tenet,"$205,000,000.00","$58,504,105.00","$359,518,466.00"
56,"Dec 14, 2021",Spider-Man: No Way Home,"$200,000,000.00","$814,811,535.00","$1,921,206,586.00"
57,"Feb 13, 2018",Black Panther,"$200,000,000.00","$700,059,566.00","$1,334,157,082.00"
58,"Dec 18, 1997",Titanic,"$200,000,000.00","$674,460,013.00","$2,223,048,786.00"
59,"Jun 12, 2024",Inside Out 2,"$200,000,000.00","$652,980,194.00","$1,696,386,031.00"
60,"Jul 24, 2024",Deadpool & Wolverine,"$200,000,000.00","$636,661,726.00","$1,336,265,427.00"
61,"Jun 15, 2018",Incredibles 2,"$200,000,000.00","$608,581,744.00","$1,242,805,359.00"
62,"Jun 16, 2016",Finding Dory,"$200,000,000.00","$486,295,561.00","$1,025,006,125.00"
63,"Jun 20, 2019",Toy Story 4,"$200,000,000.00","$434,038,008.00","$1,072,817,964.00"
64,"Jun 18, 2010",Toy Story 3,"$200,000,000.00","$415,004,880.00","$1,068,879,522.00"
65,"May 4, 2022",Doctor Strange in the Multiverse of Madness,"$200,000,000.00","$411,331,607.00","$952,224,986.00"
66,"Apr 24, 2013",Iron Man 3,"$200,000,000.00","$408,992,272.00","$1,214,630,956.00"
67,"Apr 28, 2017",Guardians of the Galaxy Vol 2,"$200,000,000.00","$389,813,101.00","$869,087,963.00"
68,"Jun 30, 2004",Spider-Man 2,"$200,000,000.00","$374,715,055.00","$795,888,127.00"
69,"Mar 1, 2022",The Batman,"$200,000,000.00","$369,345,583.00","$765,950,479.00"
70,"Mar 4, 2010",Alice in Wonderland,"$200,000,000.00","$334,191,110.00","$1,025,491,110.00"
71,"Oct 26, 2012",Skyfall,"$200,000,000.00","$304,360,277.00","$1,110,526,981.00"
72,"Dec 11, 2012",The Hobbit: An Unexpected Journey,"$200,000,000.00","$303,003,568.00","$1,014,938,545.00"
73,"Jun 21, 2013",Monsters University,"$200,000,000.00","$268,488,329.00","$743,455,810.00"
74,"Mar 8, 2013",Oz the Great and Powerful,"$200,000,000.00","$234,770,996.00","$490,359,051.00"
75,"May 21, 2014",X-Men: Days of Future Past,"$200,000,000.00","$233,921,534.00","$747,862,775.00"
76,"Feb 15, 2023",Ant-Man and the Wasp: Quantumania,"$200,000,000.00","$214,506,909.00","$463,635,303.00"
77,"Apr 16, 2014",The Amazing Spider-Man 2,"$200,000,000.00","$203,530,343.00","$709,672,746.00"
78,"Jun 23, 2011",Cars 2,"$200,000,000.00","$191,450,875.00","$560,155,383.00"
79,"Jul 7, 2021",Black Widow,"$200,000,000.00","$183,651,655.00","$379,751,131.00"
80,"Jul 31, 2019",Fast & Furious Presents: Hobbs & Shaw,"$200,000,000.00","$173,956,935.00","$760,732,926.00"
81,"May 20, 2021",F9: The Fast Saga,"$200,000,000.00","$173,005,945.00","$719,360,068.00"
82,"Dec 16, 2010",Tron: Legacy,"$200,000,000.00","$172,062,763.00","$399,866,199.00"
83,"Oct 19, 2022",Black Adam,"$200,000,000.00","$168,283,344.00","$390,455,088.00"
84,"Nov 12, 2009",2012,"$200,000,000.00","$166,112,167.00","$757,677,748.00"
85,"Nov 3, 2021",Eternals,"$200,000,000.00","$164,870,264.00","$401,731,759.00"
86,"Nov 14, 2018",Fantastic Beasts: The Crimes of Grindelwald,"$200,000,000.00","$159,555,901.00","$648,455,339.00"
87,"Jun 14, 2023",Elemental,"$200,000,000.00","$154,426,697.00","$484,829,737.00"
88,"May 21, 2009",Terminator Salvation,"$200,000,000.00","$125,322,469.00","$365,491,792.00"
89,"Jun 15, 2022",Lightyear,"$200,000,000.00","$118,307,188.00","$218,878,024.00"
90,"Jul 28, 2021",Jungle Cruise,"$200,000,000.00","$116,987,516.00","$210,469,803.00"
91,"Jun 17, 2011",Green Lantern,"$200,000,000.00","$116,601,172.00","$219,535,492.00"
92,"Jun 13, 2023",The Flash,"$200,000,000.00","$108,167,507.00","$266,550,332.00"
93,"Apr 6, 2022",Fantastic Beasts: The Secrets of Dumbledore,"$200,000,000.00","$95,850,844.00","$404,560,145.00"
94,"May 28, 2010",Prince of Persia: Sands of Time,"$200,000,000.00","$90,759,676.00","$336,359,676.00"
95,"Oct 18, 2023",Killers of the Flower Moon,"$200,000,000.00","$68,026,901.00","$156,424,331.00"
96,"Jun 5, 2019",Dark Phoenix,"$200,000,000.00","$65,845,974.00","$246,356,895.00"
97,"Nov 22, 2023",Wish,"$200,000,000.00","$63,973,821.00","$240,438,115.00"
98,"Feb 28, 2020",Onward,"$200,000,000.00","$61,555,145.00","$133,357,601.00"
99,"Nov 22, 2023",Napoleon,"$200,000,000.00","$61,524,375.00","$217,917,156.00"
100,"Dec 16, 2020",Wonder Woman 1984,"$200,000,000.00","$46,801,036.00","$166,360,232.00"
101,"Jan 31, 2024",Argylle,"$200,000,000.00","$45,207,275.00","$96,214,128.00"
102,"Sep 4, 2020",Mulan,"$200,000,000.00",$0.00,"$69,973,540.00"
103,"Jul 2, 2021",The Tomorrow War,"$200,000,000.00",$0.00,"$19,220,000.00"
104,"Jul 13, 2022",The Gray Man,"$200,000,000.00",$0.00,"$451,178.00"
105,"Jun 29, 2011",Transformers: Dark of the Moon,"$195,000,000.00","$352,390,543.00","$1,123,794,079.00"
106,"Jun 6, 2023",Transformers: Rise of the Beasts,"$195,000,000.00","$157,341,749.00","$439,241,749.00"
107,"Jun 2, 2017",The Mummy,"$195,000,000.00","$80,101,125.00","$409,953,905.00"
108,"Feb 27, 2013",Jack the Giant Slayer,"$195,000,000.00","$65,187,603.00","$197,687,603.00"
109,"Apr 1, 2015",Furious 7,"$190,000,000.00","$353,007,020.00","$1,511,986,364.00"
110,"Feb 28, 2024",Dune: Part Two,"$190,000,000.00","$282,144,358.00","$709,565,868.00"
111,"May 16, 2013",Star Trek Into Darkness,"$190,000,000.00","$228,778,661.00","$467,381,584.00"
112,"Jun 19, 2013",World War Z,"$190,000,000.00","$202,706,711.00","$531,861,650.00"
113,"May 10, 2013",The Great Gatsby,"$190,000,000.00","$144,840,419.00","$353,497,733.00"
114,"Nov 5, 2009",Disney’s A Christmas Carol,"$190,000,000.00","$137,855,863.00","$315,709,697.00"
115,"Jul 11, 2013",Pacific Rim,"$190,000,000.00","$101,802,906.00","$411,002,906.00"
116,"Oct 1, 2024",Joker: Folie à Deux,"$190,000,000.00","$57,949,830.00","$201,449,830.00"
117,"Dec 16, 2021",The Matrix Resurrections,"$190,000,000.00","$40,463,197.00","$159,197,755.00"
118,"Nov 25, 2015",The Good Dinosaur,"$187,500,000.00","$123,087,120.00","$333,771,037.00"
119,"Apr 30, 2008",Iron Man,"$186,000,000.00","$318,604,126.00","$584,877,827.00"
120,"Jul 11, 2008",The Dark Knight,"$185,000,000.00","$534,235,491.00","$1,007,695,772.00"
121,"May 22, 2008",Indiana Jones and the Kingdom of the Crystal Skull,"$185,000,000.00","$317,101,119.00","$786,635,413.00"
122,"Jun 21, 2012",Brave,"$185,000,000.00","$237,282,182.00","$554,606,532.00"
123,"Feb 23, 2017",Kong: Skull Island,"$185,000,000.00","$168,052,812.00","$561,072,059.00"
124,"Jul 21, 2016",Star Trek Beyond,"$185,000,000.00","$158,848,340.00","$335,673,708.00"
125,"Oct 17, 2019",Maleficent: Mistress of Evil,"$185,000,000.00","$113,929,605.00","$489,181,357.00"
126,"Sep 29, 2017",Blade Runner 2049,"$185,000,000.00","$92,054,159.00","$258,157,449.00"
127,"Oct 25, 2019",Terminator: Dark Fate,"$185,000,000.00","$62,253,077.00","$250,367,666.00"
128,"Jul 28, 2021",The Suicide Squad,"$185,000,000.00","$55,817,425.00","$167,097,737.00"
129,"May 22, 2019",Aladdin,"$182,000,000.00","$355,559,216.00","$1,046,587,513.00"
130,"Oct 25, 2017",Thor: Ragnarok,"$180,000,000.00","$315,058,289.00","$850,482,778.00"
131,"Dec 9, 2005","The Chronicles of Narnia: The Lion, the Witch a…","$180,000,000.00","$291,710,957.00","$720,539,572.00"
132,"May 28, 2014",Maleficent,"$180,000,000.00","$241,407,328.00","$758,536,735.00"
133,"Nov 14, 2016",Fantastic Beasts and Where to Find Them,"$180,000,000.00","$234,037,575.00","$811,724,385.00"
134,"Jun 27, 2008",WALL-E,"$180,000,000.00","$223,808,164.00","$532,508,025.00"
135,"Aug 10, 2007",Rush Hour 3,"$180,000,000.00","$140,125,968.00","$256,585,882.00"
136,"Jun 27, 2016",The Legend of Tarzan,"$180,000,000.00","$126,643,061.00","$348,902,025.00"
137,"Nov 23, 2011",Hugo,"$180,000,000.00","$73,864,507.00","$180,047,784.00"
138,"Jul 20, 2017",Valerian and the City of a Thousand Planets,"$180,000,000.00","$40,479,370.00","$215,098,356.00"
139,"Feb 6, 2015",Jupiter Ascending,"$179,000,000.00","$47,482,519.00","$181,982,519.00"
140,"Jul 16, 2018",Mission: Impossible—Fallout,"$178,000,000.00","$220,159,104.00","$786,626,183.00"
141,"May 18, 2016",X-Men: Apocalypse,"$178,000,000.00","$155,442,489.00","$542,537,546.00"
142,"Aug 9, 2018",The Meg,"$178,000,000.00","$145,443,742.00","$527,267,828.00"
143,"May 28, 2014",Edge of Tomorrow,"$178,000,000.00","$100,206,256.00","$367,028,980.00"
144,"Mar 6, 2019",Captain Marvel,"$175,000,000.00","$426,829,839.00","$1,129,576,094.00"
145,"Apr 7, 2016",The Jungle Book,"$175,000,000.00","$364,001,123.00","$951,806,722.00"
146,"Jun 12, 2015",Inside Out,"$175,000,000.00","$356,461,711.00","$850,309,035.00"
147,"Jul 5, 2017",Spider-Man: Homecoming,"$175,000,000.00","$334,580,976.00","$878,852,749.00"
148,"Aug 2, 2016",Suicide Squad,"$175,000,000.00","$325,100,054.00","$745,744,980.00"
149,"May 28, 2009",Up,"$175,000,000.00","$293,004,164.00","$731,463,377.00"
150,"Oct 27, 2017",Coco,"$175,000,000.00","$210,460,015.00","$796,401,721.00"
151,"Nov 21, 2018",Ralph Breaks The Internet,"$175,000,000.00","$201,091,711.00","$529,290,830.00"
152,"Mar 27, 2009",Monsters vs. Aliens,"$175,000,000.00","$198,351,526.00","$381,687,380.00"
153,"Jun 16, 2017",Cars 3,"$175,000,000.00","$152,901,115.00","$383,541,369.00"
154,"Aug 7, 2009",G.I. Joe: The Rise of Cobra,"$175,000,000.00","$150,201,498.00","$302,469,017.00"
155,"Jun 30, 1999",Wild Wild West,"$175,000,000.00","$113,805,681.00","$221,229,335.00"
156,"Aug 1, 2008",The Mummy: Tomb of the Dragon Emperor,"$175,000,000.00","$102,491,776.00","$405,760,225.00"
157,"Jun 22, 2007",Evan Almighty,"$175,000,000.00","$100,289,690.00","$174,131,329.00"
158,"Jul 28, 1995",Waterworld,"$175,000,000.00","$88,246,220.00","$264,246,220.00"
159,"Jan 8, 2020",Dolittle,"$175,000,000.00","$77,047,065.00","$251,509,294.00"
160,"May 11, 2017",King Arthur: Legend of the Sword,"$175,000,000.00","$39,175,066.00","$139,630,336.00"
161,"Dec 6, 2013",47 Ronin,"$175,000,000.00","$38,362,475.00","$151,716,815.00"
162,"Mar 10, 2022",Turning Red,"$175,000,000.00","$1,399,001.00","$12,271,142.00"
163,"May 20, 2022",Top Gun: Maverick,"$170,000,000.00","$718,732,821.00","$1,463,641,406.00"
164,"Jun 6, 2018",Jurassic World: Fallen Kingdom,"$170,000,000.00","$417,719,760.00","$1,308,323,302.00"
165,"Jul 31, 2014",Guardians of the Galaxy,"$170,000,000.00","$333,714,112.00","$770,882,395.00"
166,"Apr 29, 2010",Iron Man 2,"$170,000,000.00","$312,433,331.00","$621,156,389.00"
167,"Mar 28, 2014",Captain America: The Winter Soldier,"$170,000,000.00","$259,746,958.00","$714,401,889.00"
168,"Jul 9, 2014",Dawn of the Planet of the Apes,"$170,000,000.00","$208,545,589.00","$710,644,566.00"
169,"Nov 10, 2004",The Polar Express,"$170,000,000.00","$188,042,855.00","$312,183,437.00"
170,"May 30, 2012",Snow White and the Huntsman,"$170,000,000.00","$155,136,755.00","$401,021,746.00"
171,"Jul 1, 2003",Terminator 3: Rise of the Machines,"$170,000,000.00","$150,358,296.00","$433,058,296.00"
172,"May 5, 2004",Van Helsing,"$170,000,000.00","$120,150,546.00","$300,150,546.00"
173,"Mar 27, 2019",Dumbo,"$170,000,000.00","$114,766,307.00","$353,166,307.00"
174,"May 29, 2019",Godzilla: King of the Monsters,"$170,000,000.00","$110,500,138.00","$383,299,914.00"
175,"May 20, 2015",Tomorrowland,"$170,000,000.00","$93,436,322.00","$206,627,518.00"
176,"Feb 1, 2019",Alita: Battle Angel,"$170,000,000.00","$85,838,210.00","$401,900,040.00"
177,"May 20, 2016",Alice Through the Looking Glass,"$170,000,000.00","$77,042,381.00","$276,928,112.00"
178,"May 22, 2024",Furiosa: A Mad Max Saga,"$168,000,000.00","$67,475,791.00","$172,413,189.00"
179,"Jun 1, 2022",Jurassic World: Dominion,"$165,000,000.00","$376,851,080.00","$1,004,004,592.00"
180,"May 21, 2010",Shrek Forever After,"$165,000,000.00","$238,736,787.00","$756,244,673.00"
181,"Oct 24, 2016",Doctor Strange,"$165,000,000.00","$232,641,920.00","$676,343,174.00"
182,"Oct 25, 2014",Big Hero 6,"$165,000,000.00","$222,527,828.00","$647,263,005.00"
183,"Mar 26, 2010",How to Train Your Dragon,"$165,000,000.00","$217,581,232.00","$494,870,992.00"
184,"Nov 1, 2012",Wreck-It Ralph,"$165,000,000.00","$189,412,677.00","$496,511,521.00"
185,"Nov 5, 2014",Interstellar,"$165,000,000.00","$188,017,894.00","$646,419,200.00"
186,"Sep 15, 2021",Dune,"$165,000,000.00","$109,987,830.00","$429,941,853.00"
187,"Jun 22, 2016",Independence Day: Resurgence,"$165,000,000.00","$103,144,286.00","$384,169,424.00"
188,"Jul 29, 2011",Cowboys and Aliens,"$163,000,000.00","$100,368,560.00","$176,038,324.00"
189,"Mar 16, 2017",Beauty and the Beast,"$160,000,000.00","$504,014,165.00","$1,268,697,483.00"
190,"Jun 27, 2019",Spider-Man: Far From Home,"$160,000,000.00","$391,362,492.00","$1,132,298,674.00"
191,"Dec 6, 2018",Aquaman,"$160,000,000.00","$335,061,807.00","$1,131,849,702.00"
192,"May 17, 2007",Shrek the Third,"$160,000,000.00","$322,719,944.00","$807,330,936.00"
193,"Jul 16, 2010",Inception,"$160,000,000.00","$292,576,195.00","$825,786,894.00"
194,"Nov 18, 2015",The Hunger Games: Mockingjay - Part 2,"$160,000,000.00","$281,723,902.00","$646,219,954.00"
195,"May 17, 2013",Fast and Furious 6,"$160,000,000.00","$238,679,850.00","$789,300,444.00"
196,"May 14, 2014",Godzilla,"$160,000,000.00","$200,676,069.00","$529,076,069.00"
197,"May 8, 2024",Kingdom of the Planet of the Apes,"$160,000,000.00","$171,130,165.00","$397,369,969.00"
198,"Jun 3, 2011",X-Men: First Class,"$160,000,000.00","$146,408,305.00","$355,408,305.00"
199,"Dec 25, 2008",The Curious Case of Benjamin Button,"$160,000,000.00","$127,509,326.00","$329,631,958.00"
200,"Jul 14, 2010",The Sorcerer's Apprentice,"$160,000,000.00","$63,150,991.00","$217,986,320.00"
201,"May 12, 2006",Poseidon,"$160,000,000.00","$60,674,817.00","$181,674,817.00"
202,"May 25, 2016",Warcraft,"$160,000,000.00","$47,365,290.00","$438,899,824.00"
203,"Nov 1, 2019",The Irishman,"$159,000,000.00",$0.00,"$914,706.00"
204,"Jul 26, 2023",Haunted Mansion,"$157,750,000.00","$67,653,287.00","$114,797,989.00"
205,"Sep 29, 2016",Deepwater Horizon,"$156,000,000.00","$61,433,527.00","$122,333,118.00"
206,"Jul 11, 2024",Twisters,"$155,000,000.00","$267,762,265.00","$369,748,265.00"
207,"Dec 10, 2010",The Chronicles of Narnia: The Voyage of the Daw…,"$155,000,000.00","$104,386,950.00","$418,186,950.00"
208,"Mar 25, 2021",Godzilla vs. Kong,"$155,000,000.00","$100,916,094.00","$449,450,112.00"
209,"Jun 24, 2015",Terminator: Genisys,"$155,000,000.00","$89,760,956.00","$432,150,894.00"
210,"Mar 16, 2018",Pacific Rim: Uprising,"$155,000,000.00","$59,874,525.00","$290,930,148.00"
211,"Nov 24, 2004",Alexander,"$155,000,000.00","$34,297,191.00","$167,297,191.00"
212,"Jul 14, 2017",War for the Planet of the Apes,"$152,000,000.00","$146,880,162.00","$489,592,267.00"
213,"May 25, 2001",Pearl Harbor,"$151,500,000.00","$198,539,855.00","$449,239,853.00"
214,"Jul 19, 2023",Barbie,"$151,000,000.00","$636,238,421.00","$1,446,938,421.00"
215,"Jun 28, 2007",Transformers,"$151,000,000.00","$319,246,193.00","$708,272,592.00"
216,"Nov 20, 2019",Frozen II,"$150,000,000.00","$477,373,578.00","$1,451,653,316.00"
217,"May 29, 2017",Wonder Woman,"$150,000,000.00","$412,563,408.00","$817,691,766.00"
218,"Nov 22, 2013",Frozen,"$150,000,000.00","$400,953,009.00","$1,273,378,817.00"
219,"Feb 10, 2016",Zootopia,"$150,000,000.00","$341,268,248.00","$1,000,877,770.00"
220,"Jul 11, 2007",Harry Potter and the Order of the Phoenix,"$150,000,000.00","$292,137,260.00","$937,034,773.00"
221,"Nov 18, 2005",Harry Potter and the Goblet of Fire,"$150,000,000.00","$290,201,752.00","$885,222,986.00"
222,"May 15, 2003",The Matrix Reloaded,"$150,000,000.00","$281,553,689.00","$738,576,929.00"
223,"Dec 14, 2007",I am Legend,"$150,000,000.00","$256,393,010.00","$585,532,684.00"
224,"Jan 27, 2016",Moana,"$150,000,000.00","$248,757,044.00","$686,127,612.00"
225,"Jul 1, 2008",Hancock,"$150,000,000.00","$227,946,274.00","$624,234,272.00"
226,"Sep 1, 2021",Shang-Chi and the Legend of the Ten Rings,"$150,000,000.00","$224,543,292.00","$432,224,634.00"
227,"Jul 15, 2005",Charlie and the Chocolate Factory,"$150,000,000.00","$206,459,076.00","$475,825,484.00"
228,"Jun 29, 2007",Ratatouille,"$150,000,000.00","$206,445,654.00","$626,549,695.00"
229,"Oct 30, 2013",Thor: The Dark World,"$150,000,000.00","$206,362,140.00","$644,602,516.00"
230,"Jun 15, 2005",Batman Begins,"$150,000,000.00","$205,343,774.00","$356,770,593.00"
231,"Jul 29, 2015",Mission: Impossible—Rogue Nation,"$150,000,000.00","$195,042,377.00","$688,858,992.00"
232,"Jul 18, 2017",Dunkirk,"$150,000,000.00","$190,068,280.00","$509,736,928.00"
233,"Apr 29, 2011",Thor,"$150,000,000.00","$181,030,624.00","$449,326,618.00"
234,"Nov 7, 2008",Madagascar: Escape 2 Africa,"$150,000,000.00","$180,174,880.00","$599,680,774.00"
235,"May 1, 2009",X-Men Origins: Wolverine,"$150,000,000.00","$179,883,157.00","$374,825,760.00"
236,"May 22, 2009",Night at the Museum: Battle of the Smithsonian,"$150,000,000.00","$177,243,721.00","$402,231,063.00"
237,"May 26, 2011",Kung Fu Panda 2,"$150,000,000.00","$165,249,063.00","$664,837,547.00"
238,"May 14, 2015",Mad Max: Fury Road,"$150,000,000.00","$153,636,354.00","$368,297,521.00"
239,"May 3, 2019",Pokémon: Detective Pikachu,"$150,000,000.00","$144,105,346.00","$428,919,826.00"
240,"Nov 5, 2003",The Matrix Revolutions,"$150,000,000.00","$139,270,910.00","$427,300,260.00"
241,"Mar 20, 2018",Ready Player One,"$150,000,000.00","$137,690,172.00","$579,055,653.00"
242,"Nov 4, 2005",Chicken Little,"$150,000,000.00","$135,386,665.00","$310,043,823.00"
243,"May 5, 2006",Mission: Impossible III,"$150,000,000.00","$133,501,348.00","$399,387,745.00"
244,"May 15, 2009",Angels & Demons,"$150,000,000.00","$133,375,846.00","$490,875,846.00"
245,"May 13, 2004",Troy,"$150,000,000.00","$133,298,577.00","$483,152,040.00"
246,"Jul 1, 2010",The Last Airbender,"$150,000,000.00","$131,772,187.00","$319,713,881.00"
247,"Nov 2, 2007",Bee Movie,"$150,000,000.00","$126,631,277.00","$287,594,577.00"
248,"Jul 24, 2009",G-Force,"$150,000,000.00","$119,436,770.00","$292,817,841.00"
249,"Nov 21, 2008",Bolt,"$150,000,000.00","$114,053,579.00","$328,015,029.00"
250,"Nov 24, 2021",Encanto,"$150,000,000.00","$96,093,622.00","$231,181,871.00"
251,"Mar 2, 2023",Dungeons & Dragons: Honor Among Thieves,"$150,000,000.00","$93,549,650.00","$207,854,947.00"
252,"Mar 28, 2012",Wrath of the Titans,"$150,000,000.00","$83,670,083.00","$305,270,083.00"
253,"Nov 16, 2007",Beowulf,"$150,000,000.00","$82,280,579.00","$195,080,579.00"
254,"May 9, 2012",Dark Shadows,"$150,000,000.00","$79,727,149.00","$245,564,215.00"
255,"Jun 28, 2013",White House Down,"$150,000,000.00","$73,103,784.00","$205,440,387.00"
256,"Jul 14, 2021",Space Jam: A New Legacy,"$150,000,000.00","$70,592,228.00","$143,315,849.00"
257,"Feb 12, 2010",The Wolfman,"$150,000,000.00","$62,189,884.00","$142,634,358.00"
258,"Dec 15, 2016",The Great Wall,"$150,000,000.00","$45,157,105.00","$334,486,852.00"
259,"Sep 25, 2015",Pan,"$150,000,000.00","$35,088,320.00","$151,525,973.00"
260,"Mar 11, 2011",Mars Needs Moms,"$150,000,000.00","$21,392,758.00","$39,549,758.00"
261,"Feb 3, 2022",Moonfall,"$150,000,000.00","$19,060,660.00","$59,053,195.00"
262,"Nov 4, 2021",Red Notice,"$150,000,000.00",$0.00,"$173,638.00"
263,"Jul 3, 2024",Beverly Hills Cop: Axel F,"$150,000,000.00",$0.00,$0.00
264,"Dec 13, 2019",6 Underground,"$150,000,000.00",$0.00,$0.00
265,"Nov 3, 2006",Flushed Away,"$149,000,000.00","$64,665,672.00","$179,357,126.00"
266,"Jun 8, 2012",Madagascar 3: Europe's Most Wanted,"$145,000,000.00","$216,391,482.00","$746,921,271.00"
267,"Dec 14, 2011",Mission: Impossible—Ghost Protocol,"$145,000,000.00","$209,397,903.00","$694,713,230.00"
268,"Jun 5, 2014",How to Train Your Dragon 2,"$145,000,000.00","$177,002,924.00","$614,586,270.00"
269,"Jun 16, 1999",Tarzan,"$145,000,000.00","$171,091,819.00","$448,191,819.00"
270,"Feb 20, 2014",Mr. Peabody & Sherman,"$145,000,000.00","$111,506,430.00","$269,806,430.00"
271,"Nov 20, 2012",Rise of the Guardians,"$145,000,000.00","$103,412,758.00","$306,941,670.00"
272,"Apr 8, 2005",Sahara,"$145,000,000.00","$68,671,925.00","$121,645,390.00"
273,"Jul 13, 2016",Ghostbusters,"$144,000,000.00","$128,350,574.00","$229,008,658.00"
274,"Nov 22, 2002",Die Another Day,"$142,000,000.00","$160,942,139.00","$431,942,139.00"
275,"Jul 9, 2003",Pirates of the Caribbean: The Curse of the Blac…,"$140,000,000.00","$305,410,819.00","$654,310,819.00"
276,"May 8, 2009",Star Trek,"$140,000,000.00","$257,730,019.00","$386,839,614.00"
277,"Jul 1, 1998",Armageddon,"$140,000,000.00","$201,578,182.00","$554,600,000.00"
278,"Jul 3, 2002",Men in Black 2,"$140,000,000.00","$190,418,803.00","$441,767,803.00"
279,"Jul 22, 2011",Captain America: The First Avenger,"$140,000,000.00","$176,654,505.00","$370,569,776.00"
280,"Jan 23, 2016",Kung Fu Panda 3,"$140,000,000.00","$143,528,619.00","$520,189,225.00"
281,"Jul 10, 1998",Lethal Weapon 4,"$140,000,000.00","$130,444,603.00","$285,400,000.00"
282,"Mar 27, 2013",G.I. Joe: Retaliation,"$140,000,000.00","$122,523,060.00","$375,740,705.00"
283,"Dec 5, 2003",The Last Samurai,"$140,000,000.00","$111,110,575.00","$456,810,575.00"
284,"Dec 21, 2005",Fun with Dick & Jane,"$140,000,000.00","$110,550,000.00","$203,018,919.00"
285,"Dec 5, 2014",Exodus: Gods and Kings,"$140,000,000.00","$65,014,513.00","$268,314,513.00"
286,"Jun 30, 2016",The BFG,"$140,000,000.00","$55,483,770.00","$199,646,680.00"
287,"Oct 3, 2019",Gemini Man,"$140,000,000.00","$48,546,770.00","$166,598,362.00"
288,"Feb 24, 2016",Gods of Egypt,"$140,000,000.00","$31,153,464.00","$138,836,756.00"
290,"May 3, 2002",Spider-Man,"$139,000,000.00","$404,652,858.00","$822,652,858.00"
291,"Mar 6, 2009",Watchmen,"$138,000,000.00","$107,509,799.00","$186,976,250.00"
292,"Jul 29, 2005",Stealth,"$138,000,000.00","$32,116,746.00","$76,416,746.00"
293,"Jun 13, 2008",The Incredible Hulk,"$137,500,000.00","$134,806,913.00","$265,573,859.00"
294,"Jun 20, 2003",Hulk,"$137,000,000.00","$132,177,234.00","$245,031,679.00"
295,"Jul 11, 2001",Final Fantasy: The Spirits Within,"$137,000,000.00","$32,131,830.00","$85,131,830.00"
296,"Nov 14, 2012","The Twilight Saga: Breaking Dawn, Part 2","$136,200,000.00","$292,324,737.00","$829,724,737.00"
297,"Mar 27, 2024",Godzilla x Kong: The New Empire,"$135,000,000.00","$196,350,016.00","$568,721,707.00"
298,"Mar 15, 2013",The Croods,"$135,000,000.00","$187,168,425.00","$573,068,425.00"
299,"Dec 25, 2015",The Revenant,"$135,000,000.00","$183,637,894.00","$532,938,302.00"
300,"Nov 19, 1999",The World is Not Enough,"$135,000,000.00","$126,930,660.00","$361,730,660.00"
301,"Mar 4, 2011",Rango,"$135,000,000.00","$123,477,607.00","$245,724,600.00"
302,"Nov 14, 2003",Master and Commander: The Far Side of the World,"$135,000,000.00","$93,926,386.00","$212,912,137.00"
303,"Jul 17, 2013",Turbo,"$135,000,000.00","$83,028,130.00","$286,896,578.00"
304,"Jun 2, 2016",Teenage Mutant Ninja Turtles: Out of the Shadows,"$135,000,000.00","$82,051,601.00","$245,328,374.00"
305,"Nov 18, 2011",Happy Feet Two,"$135,000,000.00","$64,006,466.00","$157,956,462.00"
306,"Jul 28, 2006",Miami Vice,"$135,000,000.00","$63,478,838.00","$164,920,076.00"
307,"Nov 22, 2022",Strange World,"$135,000,000.00","$39,089,002.00","$70,699,728.00"
308,"Oct 31, 2018",The Nutcracker and the Four Realms,"$132,900,000.00","$54,858,851.00","$170,024,300.00"
309,"Jun 24, 2005",War of the Worlds,"$132,000,000.00","$234,280,354.00","$606,836,535.00"
310,"Nov 26, 2014",Penguins of Madagascar,"$132,000,000.00","$83,350,911.00","$366,942,531.00"
311,"Nov 15, 2013",The Hunger Games: Catching Fire,"$130,000,000.00","$424,668,047.00","$864,808,014.00"
312,"May 31, 2004",Harry Potter and the Prisoner of Azkaban,"$130,000,000.00","$249,757,726.00","$783,221,274.00"
313,"Aug 3, 2007",The Bourne Ultimatum,"$130,000,000.00","$227,471,070.00","$444,043,396.00"
314,"Jul 3, 2018",Ant-Man and the Wasp,"$130,000,000.00","$216,648,740.00","$623,144,660.00"
315,"Jun 6, 2008",Kung Fu Panda,"$130,000,000.00","$215,434,591.00","$631,910,531.00"
316,"Jul 14, 2015",Ant-Man,"$130,000,000.00","$180,202,163.00","$518,858,449.00"
317,"Mar 19, 2015",Home,"$130,000,000.00","$177,397,510.00","$385,997,896.00"
318,"Dec 19, 2018",Mary Poppins Returns,"$130,000,000.00","$171,958,438.00","$345,606,500.00"
319,"Oct 28, 2011",Puss in Boots,"$130,000,000.00","$149,260,504.00","$554,987,477.00"
320,"Nov 5, 2010",Megamind,"$130,000,000.00","$148,415,853.00","$321,887,208.00"
321,"Jul 18, 2003",Bad Boys II,"$130,000,000.00","$138,540,870.00","$273,271,982.00"
322,"Mar 20, 2014",Rio 2,"$130,000,000.00","$131,538,435.00","$492,846,291.00"
323,"Jul 23, 2010",Salt,"$130,000,000.00","$118,311,368.00","$290,650,494.00"
324,"Mar 27, 2014",Noah,"$130,000,000.00","$101,200,044.00","$352,831,065.00"
325,"Oct 28, 2011",The Adventures of Tintin,"$130,000,000.00","$77,591,831.00","$373,993,951.00"
326,"May 31, 2013",After Earth,"$130,000,000.00","$60,522,097.00","$251,499,665.00"
327,"Nov 26, 2008",Australia,"$130,000,000.00","$49,554,002.00","$215,080,810.00"
328,"Jul 19, 2013",R.I.P.D.,"$130,000,000.00","$33,618,855.00","$79,076,678.00"
329,"Jan 3, 2019",How to Train Your Dragon: The Hidden World,"$129,000,000.00","$160,799,505.00","$520,979,901.00"
330,"Jul 29, 2023",Meg 2: The Trench,"$129,000,000.00","$82,633,033.00","$394,299,160.00"
331,"Nov 18, 2011","The Twilight Saga: Breaking Dawn, Part 1","$127,500,000.00","$281,287,133.00","$684,436,752.00"
332,"May 19, 2000",Dinosaur,"$127,500,000.00","$137,748,063.00","$356,148,063.00"
333,"Feb 23, 2017",Logan,"$127,000,000.00","$226,277,068.00","$614,202,315.00"
334,"Dec 18, 2014",Night at the Museum: Secret of the Tomb,"$127,000,000.00","$113,746,621.00","$353,756,621.00"
335,"Jul 13, 2011",Harry Potter and the Deathly Hallows: Part II,"$125,000,000.00","$381,193,157.00","$1,312,156,768.00"
336,"Nov 19, 2014",The Hunger Games: Mockingjay - Part 1,"$125,000,000.00","$337,135,885.00","$766,575,131.00"
337,"Nov 15, 2001",Harry Potter and the Sorcerer’s Stone,"$125,000,000.00","$317,871,467.00","$963,637,834.00"
338,"Dec 4, 2019",Jumanji: The Next Level,"$125,000,000.00","$316,831,246.00","$795,356,912.00"
339,"Nov 17, 2010",Harry Potter and the Deathly Hallows: Part I,"$125,000,000.00","$296,837,581.00","$944,025,977.00"
340,"Dec 6, 2023",Wonka,"$125,000,000.00","$218,402,312.00","$628,971,104.00"
341,"May 19, 2006",The Da Vinci Code,"$125,000,000.00","$217,536,138.00","$767,820,459.00"
342,"Apr 30, 2003",X-Men 2,"$125,000,000.00","$214,949,694.00","$406,348,630.00"
343,"Apr 21, 2011",Fast Five,"$125,000,000.00","$210,031,325.00","$629,975,898.00"
344,"Aug 8, 2014",Teenage Mutant Ninja Turtles,"$125,000,000.00","$191,204,754.00","$485,004,754.00"
345,"Dec 16, 2011",Sherlock Holmes: A Game of Shadows,"$125,000,000.00","$186,848,418.00","$535,663,443.00"
346,"May 27, 2004",The Day After Tomorrow,"$125,000,000.00","$186,740,799.00","$555,840,117.00"
347,"Mar 17, 2017",The Boss Baby,"$125,000,000.00","$175,003,033.00","$527,909,949.00"
348,"Apr 1, 2010",Clash of the Titans,"$125,000,000.00","$163,214,888.00","$493,214,888.00"
349,"Oct 12, 2016",Trolls,"$125,000,000.00","$153,856,089.00","$342,831,709.00"
350,"May 19, 1998",Godzilla,"$125,000,000.00","$136,314,294.00","$376,000,000.00"
351,"May 30, 2012",Prometheus,"$125,000,000.00","$126,477,084.00","$402,448,265.00"
352,"Aug 10, 2012",The Bourne Legacy,"$125,000,000.00","$113,203,870.00","$280,355,920.00"
353,"Jun 20, 1997",Batman & Robin,"$125,000,000.00","$107,325,195.00","$238,317,814.00"
354,"Mar 1, 2024",The Fall Guy,"$125,000,000.00","$92,900,355.00","$180,978,355.00"
355,"Jul 5, 2018",Skyscraper,"$125,000,000.00","$68,420,120.00","$304,858,121.00"
356,"Jan 3, 2020",The Call of the Wild,"$125,000,000.00","$62,342,368.00","$107,351,191.00"
357,"Aug 3, 2012",Total Recall,"$125,000,000.00","$58,877,969.00","$211,856,088.00"
358,"Mar 15, 2023",Shazam! Fury of the Gods,"$125,000,000.00","$57,721,819.00","$132,276,175.00"
359,"Dec 21, 2016",Assassin’s Creed,"$125,000,000.00","$54,647,948.00","$240,759,682.00"
360,"Dec 29, 2016",Monster Trucks,"$125,000,000.00","$33,370,166.00","$61,642,798.00"
361,"Aug 27, 1999",The 13th Warrior,"$125,000,000.00","$32,698,899.00","$61,698,899.00"
362,"Nov 17, 2000",How the Grinch Stole Christmas,"$123,000,000.00","$261,939,550.00","$347,036,128.00"
363,"May 24, 2000",Mission: Impossible 2,"$120,000,000.00","$215,409,889.00","$549,588,516.00"
364,"Jun 30, 2000",The Perfect Storm,"$120,000,000.00","$182,618,434.00","$328,711,434.00"
365,"Jul 20, 2016",Jason Bourne,"$120,000,000.00","$162,192,920.00","$416,168,316.00"
366,"Feb 10, 2022",Uncharted,"$120,000,000.00","$148,648,820.00","$400,689,914.00"
367,"Jun 15, 2007",Fantastic Four: Rise of the Silver Surfer,"$120,000,000.00","$131,921,738.00","$289,480,691.00"
368,"Nov 21, 2012",Life of Pi,"$120,000,000.00","$124,987,022.00","$619,310,368.00"
369,"Feb 16, 2007",Ghost Rider,"$120,000,000.00","$115,802,596.00","$229,545,589.00"
370,"Apr 9, 2018",Rampage,"$120,000,000.00","$101,028,233.00","$427,947,217.00"
371,"Jun 27, 2003",Charlie's Angels: Full Throttle,"$120,000,000.00","$100,814,328.00","$227,163,273.00"
372,"Aug 9, 2013",Elysium,"$120,000,000.00","$93,050,117.00","$286,192,091.00"
373,"Apr 19, 2013",Oblivion,"$120,000,000.00","$89,107,235.00","$287,916,633.00"
374,"Mar 24, 2017",Power Rangers,"$120,000,000.00","$85,364,450.00","$142,531,552.00"
375,"Aug 16, 2023",Blue Beetle,"$120,000,000.00","$72,541,501.00","$128,777,017.00"
376,"Jul 19, 2002",Stuart Little 2,"$120,000,000.00","$64,956,806.00","$166,000,000.00"
377,"Feb 12, 2014",RoboCop,"$120,000,000.00","$58,607,007.00","$242,981,799.00"
378,"Jun 11, 2004",The Chronicles of Riddick,"$120,000,000.00","$57,712,751.00","$107,212,751.00"
379,"Aug 5, 2015",The Fantastic Four,"$120,000,000.00","$56,117,548.00","$167,849,187.00"
380,"May 9, 2008",Speed Racer,"$120,000,000.00","$43,945,766.00","$93,394,462.00"
381,"Jul 22, 2005",The Island,"$120,000,000.00","$35,818,913.00","$163,018,913.00"
382,"Dec 17, 2010",How Do You Know?,"$120,000,000.00","$30,212,620.00","$49,628,177.00"
383,"Nov 9, 2018",Outlaw King,"$120,000,000.00",$0.00,$0.00
384,"Dec 2, 2022",Emancipation,"$120,000,000.00",$0.00,$0.00
385,"Jun 23, 2010",Knight and Day,"$117,000,000.00","$76,423,035.00","$258,751,370.00"
386,"Jan 25, 2021",Tang Ren Jie Tan An 3,"$117,000,000.00",$0.00,"$625,136,211.00"
387,"Oct 2, 2018",Venom,"$116,000,000.00","$213,511,408.00","$856,081,053.00"
388,"May 19, 1999",Star Wars Ep. I: The Phantom Menace,"$115,000,000.00","$487,576,624.00","$1,046,515,409.00"
389,"May 19, 2005",Star Wars Ep. III: Revenge of the Sith,"$115,000,000.00","$380,270,577.00","$848,998,877.00"
390,"May 16, 2002",Star Wars Ep. II: Attack of the Clones,"$115,000,000.00","$310,676,740.00","$656,695,615.00"
391,"Nov 2, 2001","Monsters, Inc.","$115,000,000.00","$290,149,425.00","$560,483,719.00"
392,"Jul 26, 2013",The Wolverine,"$115,000,000.00","$132,556,852.00","$416,456,852.00"
393,"Feb 7, 1997",Dante’s Peak,"$115,000,000.00","$67,163,857.00","$178,200,000.00"
394,"Apr 6, 2016",The Huntsman: Winter’s War,"$115,000,000.00","$48,003,015.00","$165,149,302.00"
395,"Jun 14, 2002",Windtalkers,"$115,000,000.00","$40,914,068.00","$77,628,265.00"
396,"Mar 6, 2019",Triple Frontier,"$115,000,000.00",$0.00,$0.00
397,"Jul 4, 2008",Astérix aux Jeux Olympiques,"$113,500,000.00","$999,811.00","$132,999,811.00"
398,"Dec 24, 2010",Gulliver's Travels,"$112,000,000.00","$42,779,261.00","$232,017,848.00"
399,"Dec 8, 2017",Ferdinand,"$111,000,000.00","$84,410,380.00","$307,491,645.00"
400,"May 11, 2018",Deadpool 2,"$110,000,000.00","$324,591,735.00","$786,362,370.00"
401,"Oct 3, 2013",Gravity,"$110,000,000.00","$274,092,705.00","$684,657,731.00"
402,"Dec 22, 2006",Night at the Museum,"$110,000,000.00","$250,863,268.00","$579,446,407.00"
403,"Sep 30, 2021",Venom: Let There be Carnage,"$110,000,000.00","$213,550,366.00","$501,546,922.00"
404,"Jun 10, 2005",Mr. and Mrs. Smith,"$110,000,000.00","$186,336,279.00","$486,124,090.00"
405,"May 27, 2015",San Andreas,"$110,000,000.00","$155,190,832.00","$456,258,539.00"
406,"Jul 29, 2011",The Smurfs,"$110,000,000.00","$142,614,158.00","$563,749,323.00"
407,"Jun 27, 2007",Live Free or Die Hard,"$110,000,000.00","$134,529,403.00","$382,288,147.00"
408,"Mar 18, 2015",The Divergent Series: Insurgent,"$110,000,000.00","$130,179,072.00","$295,075,882.00"
409,"Dec 10, 2004",Ocean\'s Twelve,"$110,000,000.00","$125,531,634.00","$362,989,076.00"
410,"Dec 19, 1997",Tomorrow Never Dies,"$110,000,000.00","$125,304,276.00","$339,504,276.00"
411,"Jun 28, 2000",The Patriot,"$110,000,000.00","$113,330,342.00","$215,300,000.00"
412,"May 8, 2024",IF,"$110,000,000.00","$111,149,917.00","$184,672,669.00"
413,"Mar 7, 2014",300: Rise of an Empire,"$110,000,000.00","$106,580,051.00","$330,780,051.00"
414,"Dec 17, 2004",The Aviator,"$110,000,000.00","$102,608,827.00","$208,370,892.00"
415,"Dec 21, 2016",Passengers,"$110,000,000.00","$100,014,699.00","$302,239,672.00"
416,"Jan 14, 2011",The Green Hornet,"$110,000,000.00","$98,780,042.00","$229,155,503.00"
417,"Sep 21, 2016",Miss Peregrine’s Home for Peculiar Children,"$110,000,000.00","$87,242,834.00","$295,986,876.00"
418,"Oct 7, 2011",Real Steel,"$110,000,000.00","$85,463,309.00","$263,880,341.00"
419,"Jun 12, 2019",Men in Black: International,"$110,000,000.00","$80,001,807.00","$254,310,003.00"
420,"Jun 11, 2010",The A-Team,"$110,000,000.00","$77,222,099.00","$177,241,171.00"
421,"Jul 31, 2013",The Smurfs 2,"$110,000,000.00","$71,017,784.00","$348,547,523.00"
422,"Mar 9, 2016",The Divergent Series: Allegiant,"$110,000,000.00","$66,184,051.00","$172,022,517.00"
423,"Jun 12, 2009",The Taking of Pelham 123,"$110,000,000.00","$65,452,312.00","$152,364,370.00"
424,"Oct 25, 2013",Ender’s Game,"$110,000,000.00","$61,737,191.00","$127,983,283.00"
425,"Oct 23, 2024",Venom: The Last Dance,"$110,000,000.00","$58,673,243.00","$182,494,890.00"
426,"Apr 2, 2004",Home on the Range,"$110,000,000.00","$50,026,353.00","$76,482,461.00"
427,"Jan 1, 1997",Speed 2: Cruise Control,"$110,000,000.00","$48,097,081.00","$150,468,000.00"
428,"May 6, 2005",Kingdom of Heaven,"$110,000,000.00","$47,398,413.00","$218,674,938.00"
429,"Mar 23, 2017",Ghost in the Shell,"$110,000,000.00","$40,563,557.00","$167,910,690.00"
430,"Jun 16, 2004",Around the World in 80 Days,"$110,000,000.00","$24,004,159.00","$72,004,159.00"
431,"Dec 23, 2022",Babylon,"$110,000,000.00","$16,596,054.00","$64,470,244.00"
432,"Nov 21, 2003",Dr. Seuss’ The Cat in the Hat,"$109,000,000.00","$101,018,283.00","$133,818,283.00"
433,"Dec 25, 2001",Ali,"$109,000,000.00","$58,183,966.00","$87,683,966.00"
434,"Sep 30, 2015",The Martian,"$108,000,000.00","$228,433,663.00","$653,609,107.00"
435,"Nov 20, 2016",Allied,"$106,000,000.00","$40,098,064.00","$119,266,661.00"
436,"Jul 16, 2004","I, Robot","$105,000,000.00","$144,801,023.00","$348,629,585.00"
437,"Dec 17, 1999",Stuart Little,"$105,000,000.00","$140,015,224.00","$298,815,224.00"
438,"Nov 25, 2009",The Princess and the Frog,"$105,000,000.00","$104,400,899.00","$270,997,378.00"
439,"Mar 7, 2008","10,000 B.C.","$105,000,000.00","$94,784,201.00","$269,065,678.00"
440,"Jul 1, 2016",Ice Age: Collision Course,"$105,000,000.00","$64,063,008.00","$402,156,682.00"
441,"Nov 7, 1997",Starship Troopers,"$105,000,000.00","$54,768,952.00","$121,099,956.00"
442,"Apr 27, 2001",Town & Country,"$105,000,000.00","$6,712,451.00","$10,364,769.00"
443,"Sep 19, 2017",Kingsman: The Golden Circle,"$104,000,000.00","$100,234,838.00","$408,803,696.00"
444,"Jun 9, 2000",Gone in 60 Seconds,"$103,300,000.00","$101,643,008.00","$232,643,008.00"
445,"May 1, 2000",Gladiator,"$103,000,000.00","$187,683,805.00","$451,683,599.00"
446,"May 23, 2013",The Hangover 3,"$103,000,000.00","$112,200,072.00","$362,000,072.00"
447,"Mar 9, 2018",A Wrinkle in Time,"$103,000,000.00","$100,478,608.00","$133,214,549.00"
448,"Jul 1, 2009",Public Enemies,"$102,500,000.00","$97,104,620.00","$212,282,709.00"
449,"Nov 17, 2006",Casino Royale,"$102,000,000.00","$167,365,000.00","$594,420,216.00"
450,"Jun 21, 2002",Minority Report,"$102,000,000.00","$132,024,714.00","$358,824,714.00"
451,"Dec 13, 2018",Bumblebee,"$102,000,000.00","$127,195,589.00","$464,731,819.00"
452,"Oct 26, 2012",Cloud Atlas,"$102,000,000.00","$27,108,272.00","$130,673,154.00"
453,"Apr 4, 2023",The Super Mario Bros. Movie,"$100,000,000.00","$574,934,330.00","$1,363,324,933.00"
454,"May 31, 2023",Spider-Man: Across the Spider-Verse,"$100,000,000.00","$381,593,754.00","$681,167,705.00"
455,"Jun 20, 2024",Despicable Me 4,"$100,000,000.00","$361,004,205.00","$964,185,070.00"
456,"Jul 19, 2023",Oppenheimer,"$100,000,000.00","$329,862,540.00","$976,837,000.00"
457,"Sep 4, 2024",Beetlejuice Beetlejuice,"$100,000,000.00","$289,230,065.00","$442,330,065.00"
458,"Nov 15, 2002",Harry Potter and the Chamber of Secrets,"$100,000,000.00","$262,233,381.00","$874,954,228.00"
459,"Jul 2, 1991",Terminator 2: Judgment Day,"$100,000,000.00","$203,464,105.00","$515,361,524.00"
460,"Jun 5, 2024",Bad Boys: Ride or Die,"$100,000,000.00","$193,573,217.00","$400,526,237.00"
461,"Mar 22, 2023",John Wick: Chapter 4,"$100,000,000.00","$187,131,806.00","$440,320,578.00"
462,"Jun 16, 1995",Batman Forever,"$100,000,000.00","$184,031,112.00","$336,529,144.00"
463,"Jul 27, 2001",Planet of the Apes,"$100,000,000.00","$180,011,740.00","$362,211,740.00"
464,"Nov 19, 2004",National Treasure,"$100,000,000.00","$173,005,002.00","$331,323,410.00"
465,"Nov 15, 2023",The Hunger Games: The Ballad of Songbirds & Snakes,"$100,000,000.00","$166,350,594.00","$349,048,698.00"
466,"Dec 25, 2012",Django Unchained,"$100,000,000.00","$162,805,434.00","$449,841,566.00"
467,"Dec 25, 2019",1917,"$100,000,000.00","$159,227,644.00","$389,140,440.00"
468,"Dec 22, 2010",Little Fockers,"$100,000,000.00","$148,438,600.00","$310,650,574.00"
469,"Jul 15, 1994",True Lies,"$100,000,000.00","$146,282,411.00","$365,300,000.00"
470,"Nov 2, 2007",American Gangster,"$100,000,000.00","$130,164,645.00","$267,985,456.00"
471,"Sep 18, 2009",Cloudy with a Chance of Meatballs,"$100,000,000.00","$124,870,275.00","$236,827,677.00"
472,"Aug 6, 2010",The Other Guys,"$100,000,000.00","$119,219,978.00","$170,936,470.00"
473,"Dec 17, 2004",Lemony Snicket's A Series of Unfortunate Events,"$100,000,000.00","$118,627,117.00","$212,956,024.00"
474,"Dec 25, 2013",The Wolf of Wall Street,"$100,000,000.00","$116,949,183.00","$389,816,136.00"
475,"Mar 20, 2024",Ghostbusters: Frozen Empire,"$100,000,000.00","$113,376,590.00","$200,796,241.00"
476,"May 24, 2013",Epic,"$100,000,000.00","$107,518,682.00","$262,794,441.00"
477,"Jun 21, 1996",Eraser,"$100,000,000.00","$101,295,562.00","$234,400,000.00"
478,"Jun 21, 1996",The Hunchback of Notre Dame,"$100,000,000.00","$100,138,851.00","$325,500,000.00"
479,"Dec 15, 2000",The Emperor's New Groove,"$100,000,000.00","$89,630,573.00","$169,630,573.00"
480,"Aug 15, 2012",The Expendables 2,"$100,000,000.00","$85,028,192.00","$311,979,256.00"
481,"Oct 16, 2009",Where the Wild Things Are,"$100,000,000.00","$77,233,467.00","$99,123,656.00"
482,"Dec 15, 2006",Eragon,"$100,000,000.00","$75,030,163.00","$249,488,115.00"
483,"Jul 23, 2014",Hercules,"$100,000,000.00","$72,688,614.00","$243,388,614.00"
484,"Dec 10, 2010",The Tourist,"$100,000,000.00","$67,631,157.00","$278,731,369.00"
485,"Nov 24, 1999",End of Days,"$100,000,000.00","$66,889,043.00","$212,026,975.00"
486,"Dec 25, 2019",Spies in Disguise,"$100,000,000.00","$66,757,013.00","$165,124,093.00"
487,"Jun 11, 2004",The Stepford Wives,"$100,000,000.00","$59,475,623.00","$96,150,482.00"
488,"Jun 8, 2007",Surf’s Up,"$100,000,000.00","$58,867,694.00","$145,395,745.00"
489,"Dec 8, 2006",Blood Diamond,"$100,000,000.00","$57,377,916.00","$171,377,916.00"
490,"Nov 7, 2019",Midway,"$100,000,000.00","$56,846,802.00","$126,787,360.00"
491,"Sep 24, 2010",Legend of the Guardians: The Owls of Ga'Hoole,"$100,000,000.00","$55,675,313.00","$139,716,717.00"
492,"Jun 17, 1977",The Deep,"$100,000,000.00","$50,681,884.00","$50,681,884.00"
493,"Jun 5, 2009",Land of the Lost,"$100,000,000.00","$49,438,370.00","$69,548,641.00"
494,"Dec 18, 2003",Peter Pan,"$100,000,000.00","$48,417,850.00","$95,255,485.00"
495,"Mar 15, 2019",Wonder Park,"$100,000,000.00","$45,216,793.00","$115,103,325.00"
496,"Jul 23, 2004",Catwoman,"$100,000,000.00","$40,202,379.00","$82,078,046.00"
497,"Aug 14, 2014",The Expendables 3,"$100,000,000.00","$39,322,544.00","$209,461,378.00"
498,"Dec 8, 2021",West Side Story,"$100,000,000.00","$38,530,322.00","$74,829,369.00"
499,"Nov 27, 2002",Treasure Planet,"$100,000,000.00","$38,120,554.00","$91,800,000.00"
500,"Dec 22, 2021",The King’s Man,"$100,000,000.00","$37,176,373.00","$121,125,300.00"
501,"Mar 12, 2010",Green Zone,"$100,000,000.00","$35,497,337.00","$97,523,020.00"
502,"Oct 13, 2017",Geostorm,"$100,000,000.00","$33,700,160.00","$220,796,009.00"
503,"Dec 2, 2015",Point Break,"$100,000,000.00","$28,782,481.00","$126,704,591.00"
504,"Dec 17, 2019",Cats,"$100,000,000.00","$27,166,770.00","$75,323,946.00"
505,"Nov 26, 2015",In the Heart of the Sea,"$100,000,000.00","$25,020,758.00","$89,693,309.00"
506,"Apr 18, 2014",Transcendence,"$100,000,000.00","$23,022,309.00","$103,039,258.00"
507,"Jul 5, 2024",Fly Me to the Moon,"$100,000,000.00","$20,532,222.00","$38,264,236.00"
508,"Feb 18, 2005",Son of the Mask,"$100,000,000.00","$17,018,422.00","$59,918,422.00"
509,"Sep 15, 2023",Expend4bles,"$100,000,000.00","$16,710,153.00","$51,133,603.00"
510,"Dec 5, 2018",Mortal Engines,"$100,000,000.00","$15,951,040.00","$85,481,904.00"
511,"Feb 3, 2021",Chaos Walking,"$100,000,000.00","$13,287,908.00","$27,072,169.00"
512,"Oct 13, 2021",The Last Duel,"$100,000,000.00","$10,853,945.00","$30,080,003.00"
513,"Aug 16, 2002",The Adventures of Pluto Nash,"$100,000,000.00","$4,411,102.00","$7,094,995.00"
514,"Jan 20, 2012",Jin líng shí san chai,"$100,000,000.00","$311,434.00","$98,227,017.00"
515,"Dec 9, 2020",The Midnight Sky,"$100,000,000.00",$0.00,"$75,615.00"
516,"Jun 12, 2020",Artemis Fowl,"$100,000,000.00",$0.00,$0.00
517,"Nov 5, 2015",The Peanuts Movie,"$99,000,000.00","$130,178,411.00","$250,091,610.00"
518,"Feb 6, 2019",The LEGO Movie 2: The Second Part,"$99,000,000.00","$105,806,508.00","$190,131,035.00"
519,"Nov 21, 2018",Robin Hood,"$99,000,000.00","$30,824,628.00","$85,210,012.00"
520,"May 4, 2001",The Mummy Returns,"$98,000,000.00","$202,007,640.00","$435,040,395.00"
521,"Nov 14, 2019",Ford v. Ferrari,"$97,600,000.00","$117,624,357.00","$224,390,706.00"
522,"Dec 20, 2002",Gangs of New York,"$97,000,000.00","$77,730,500.00","$183,124,621.00"
523,"May 4, 2017",Alien: Covenant,"$97,000,000.00","$74,262,031.00","$238,521,247.00"
524,"Mar 6, 2015",Cinderella,"$95,000,000.00","$201,151,353.00","$542,351,353.00"
525,"Jun 27, 2012",Ice Age: Continental Drift,"$95,000,000.00","$161,321,843.00","$879,765,137.00"
526,"Dec 28, 2001",Black Hawk Down,"$95,000,000.00","$108,638,745.00","$159,691,085.00"
527,"Oct 12, 2023",Trolls Band Together,"$95,000,000.00","$102,996,915.00","$209,673,929.00"
528,"May 27, 2010",Sex and the City 2,"$95,000,000.00","$95,347,692.00","$294,680,778.00"
529,"Feb 12, 2010",Percy Jackson & the Olympians: The Lightning Thief,"$95,000,000.00","$88,768,303.00","$223,050,874.00"
530,"Aug 10, 2012",The Campaign,"$95,000,000.00","$86,907,746.00","$104,907,746.00"
531,"Nov 12, 2010",Unstoppable,"$95,000,000.00","$81,562,942.00","$165,720,921.00"
532,"May 9, 1997",The Fifth Element,"$95,000,000.00","$63,570,862.00","$263,892,271.00"
533,"Mar 31, 2000",The Road to El Dorado,"$95,000,000.00","$50,802,661.00","$65,700,000.00"
534,"Dec 11, 2009",The Lovely Bones,"$95,000,000.00","$44,114,232.00","$94,894,448.00"
535,"Jun 30, 2016",Ben-Hur,"$95,000,000.00","$26,410,477.00","$91,669,648.00"
536,"Dec 14, 2023",Ferrari,"$95,000,000.00","$18,550,030.00","$40,712,490.00"
537,"Dec 19, 2014",Seventh Son,"$95,000,000.00","$17,725,785.00","$108,874,967.00"
538,"Dec 17, 2003",The Lord of the Rings: The Return of the King,"$94,000,000.00","$381,472,917.00","$1,123,837,908.00"
539,"May 30, 2003",Finding Nemo,"$94,000,000.00","$380,529,370.00","$936,094,852.00"
540,"Dec 18, 2002",The Lord of the Rings: The Two Towers,"$94,000,000.00","$345,115,396.00","$921,715,176.00"
541,"Jun 15, 2001",Lara Croft: Tomb Raider,"$94,000,000.00","$131,144,183.00","$273,330,185.00"
542,"Jan 29, 2015",Kingsman: The Secret Service,"$94,000,000.00","$128,261,724.00","$404,561,724.00"
543,"Dec 19, 2001",The Lord of the Rings: The Fellowship of the Ring,"$93,000,000.00","$318,651,105.00","$894,316,394.00"
544,"Jul 18, 2001",Jurassic Park III,"$93,000,000.00","$181,166,115.00","$365,900,000.00"
545,"Aug 5, 2011",Rise of the Planet of the Apes,"$93,000,000.00","$176,760,185.00","$470,986,200.00"
546,"Feb 14, 2008",The Spiderwick Chronicles,"$92,500,000.00","$71,195,053.00","$162,839,667.00"
547,"Oct 22, 2004",The Incredibles,"$92,000,000.00","$261,441,092.00","$631,441,092.00"
548,"Feb 6, 2013",A Good Day to Die Hard,"$92,000,000.00","$67,349,198.00","$304,249,198.00"
549,"Apr 9, 2004",The Alamo,"$92,000,000.00","$22,406,362.00","$23,911,362.00"
550,"Dec 22, 1995",Cutthroat Island,"$92,000,000.00","$10,017,322.00","$18,517,322.00"
551,"Dec 19, 2013",The Secret Life of Walter Mitty,"$91,000,000.00","$58,236,838.00","$187,861,183.00"
552,"Dec 20, 2017",Jumanji: Welcome to the Jungle,"$90,000,000.00","$404,508,916.00","$961,632,807.00"
553,"Jul 1, 1997",Men in Black,"$90,000,000.00","$250,690,539.00","$587,790,539.00"
554,"Nov 19, 1999",Toy Story 2,"$90,000,000.00","$245,852,179.00","$511,358,276.00"
555,"Aug 3, 2001",Rush Hour 2,"$90,000,000.00","$226,164,286.00","$347,425,832.00"
556,"Dec 25, 2009",Sherlock Holmes,"$90,000,000.00","$209,028,679.00","$498,438,212.00"
557,"Jan 15, 2020",Bad Boys For Life,"$90,000,000.00","$204,417,855.00","$424,471,663.00"
558,"Jul 1, 2009",Ice Age: Dawn of the Dinosaurs,"$90,000,000.00","$196,573,705.00","$886,686,817.00"
559,"Mar 30, 2022",Sonic the Hedgehog 2,"$90,000,000.00","$190,872,904.00","$405,154,426.00"
560,"Dec 12, 2018",Spider-Man: Into The Spider-Verse 3D,"$90,000,000.00","$190,173,195.00","$374,561,597.00"
561,"Dec 2, 2022",Puss in Boots: The Last Wish,"$90,000,000.00","$186,090,535.00","$485,254,377.00"
562,"Jul 21, 2000",What Lies Beneath,"$90,000,000.00","$155,464,351.00","$288,693,989.00"
563,"Feb 13, 2020",Sonic The Hedgehog,"$90,000,000.00","$146,066,470.00","$302,536,124.00"
564,"Apr 7, 2011",Rio,"$90,000,000.00","$143,619,809.00","$487,517,241.00"
565,"Jul 24, 2019",Once Upon a Time…in Hollywood,"$90,000,000.00","$142,502,728.00","$377,426,903.00"
566,"Oct 6, 2006",The Departed,"$90,000,000.00","$132,384,315.00","$289,660,619.00"
567,"Nov 3, 2000",Charlie's Angels,"$90,000,000.00","$125,305,545.00","$259,736,090.00"
568,"Jun 19, 1998",Mulan,"$90,000,000.00","$120,620,254.00","$303,500,000.00"
569,"Aug 13, 2008",Tropic Thunder,"$90,000,000.00","$110,515,313.00","$191,145,256.00"
570,"Dec 20, 2011",The Girl with the Dragon Tattoo,"$90,000,000.00","$102,515,793.00","$239,373,970.00"
571,"Jul 11, 1997",Contact,"$90,000,000.00","$100,920,329.00","$165,900,000.00"
572,"Jun 6, 2008",You Don't Mess With the Zohan,"$90,000,000.00","$100,018,837.00","$202,910,991.00"
573,"May 19, 1995",Die Hard: With a Vengeance,"$90,000,000.00","$100,012,499.00","$366,101,666.00"
574,"Jul 27, 2022",DC League of Super Pets,"$90,000,000.00","$93,657,117.00","$203,891,589.00"
575,"Sep 12, 2016",The Magnificent Seven,"$90,000,000.00","$93,432,655.00","$162,122,642.00"
576,"Dec 18, 2015",Alvin and the Chipmunks: The Road Chip,"$90,000,000.00","$85,886,987.00","$249,517,956.00"
577,"Jun 8, 2001",Atlantis: The Lost Empire,"$90,000,000.00","$84,052,762.00","$186,049,020.00"
578,"Dec 25, 2008",Valkyrie,"$90,000,000.00","$83,107,829.00","$203,932,174.00"
579,"Jul 16, 2015",Pixels,"$90,000,000.00","$78,765,986.00","$244,041,804.00"
580,"Jun 29, 2001",Artificial Intelligence: AI,"$90,000,000.00","$78,616,689.00","$235,900,000.00"
581,"Nov 26, 2003",The Haunted Mansion,"$90,000,000.00","$75,817,994.00","$155,750,628.00"
582,"Aug 4, 2000",Hollow Man,"$90,000,000.00","$73,209,340.00","$191,200,000.00"
583,"Apr 22, 2005",The Interpreter,"$90,000,000.00","$72,708,161.00","$162,753,837.00"
584,"Aug 7, 2013",Percy Jackson: Sea of Monsters,"$90,000,000.00","$68,559,554.00","$200,859,554.00"
585,"Jul 25, 2003",Lara Croft: Tomb Raider: The Cradle of Life,"$90,000,000.00","$65,653,758.00","$157,092,943.00"
586,"May 27, 2016",Now You See Me 2,"$90,000,000.00","$65,075,540.00","$328,325,007.00"
587,"Nov 21, 2001",Spy Game,"$90,000,000.00","$62,362,560.00","$143,049,560.00"
588,"Apr 4, 1997",The Saint,"$90,000,000.00","$61,363,304.00","$169,400,000.00"
589,"Mar 10, 2000",Mission to Mars,"$90,000,000.00","$60,874,615.00","$106,000,000.00"
590,"Mar 6, 2018",Tomb Raider,"$90,000,000.00","$58,250,803.00","$273,477,501.00"
591,"Dec 17, 1999",Bicentennial Man,"$90,000,000.00","$58,220,776.00","$87,420,776.00"
592,"Jul 7, 2004",King Arthur,"$90,000,000.00","$51,877,963.00","$203,653,524.00"
593,"Apr 25, 1997",Volcano,"$90,000,000.00","$47,546,796.00","$120,100,000.00"
594,"Feb 9, 2022",Death on the Nile,"$90,000,000.00","$45,630,104.00","$130,298,184.00"
595,"Mar 26, 1997",The Devil's Own,"$90,000,000.00","$42,885,593.00","$140,900,000.00"
596,"Jul 19, 2002",K-19: The Widowmaker,"$90,000,000.00","$35,168,966.00","$65,716,126.00"
597,"Aug 19, 2011",Conan the Barbarian,"$90,000,000.00","$21,295,021.00","$63,356,133.00"
598,"Oct 21, 2011",The Three Musketeers,"$90,000,000.00","$20,377,913.00","$139,877,913.00"
599,"Apr 21, 2017",The Promise,"$90,000,000.00","$8,224,288.00","$10,551,417.00"
600,"Nov 24, 2010",The Nutcracker in 3D,"$90,000,000.00","$195,459.00","$20,466,016.00"
601,"Dec 13, 2017",Bright,"$90,000,000.00",$0.00,$0.00
602,"May 14, 2021",Army of the Dead,"$90,000,000.00",$0.00,$0.00
603,"May 10, 1996",Twister,"$88,000,000.00","$241,688,385.00","$495,700,000.00"
604,"Jun 3, 2005",Cinderella Man,"$88,000,000.00","$61,649,911.00","$105,021,488.00"
605,"Sep 11, 2018",The Predator,"$88,000,000.00","$51,024,708.00","$159,487,563.00"
606,"Jul 21, 2021",Snake Eyes: G.I. Joe Origins,"$88,000,000.00","$28,264,325.00","$34,677,221.00"
607,"Jul 8, 2005",Fantastic Four,"$87,500,000.00","$154,696,080.00","$333,132,750.00"
608,"Feb 9, 2001",Hannibal,"$87,000,000.00","$165,092,266.00","$350,100,280.00"
609,"Apr 6, 2023",Renfield,"$86,203,077.00","$17,297,895.00","$26,874,347.00"
610,"Jul 25, 2003",Seabiscuit,"$86,000,000.00","$120,277,854.00","$148,715,342.00"
611,"Jul 14, 2022",Bullet Train,"$85,900,000.00","$103,368,602.00","$238,534,963.00"
612,"Aug 14, 2020",Project Power,"$85,100,000.00",$0.00,$0.00
613,"Dec 22, 2000",Cast Away,"$85,000,000.00","$233,632,142.00","$427,230,516.00"
614,"Nov 17, 2006",Happy Feet,"$85,000,000.00","$198,000,317.00","$385,000,315.00"
615,"Mar 6, 2024",Kung Fu Panda 4,"$85,000,000.00","$193,590,620.00","$548,040,835.00"
616,"Dec 7, 2001",Ocean\'s Eleven,"$85,000,000.00","$183,417,150.00","$450,728,529.00"
617,"Jul 23, 2004",The Bourne Supremacy,"$85,000,000.00","$176,087,450.00","$311,001,124.00"
618,"Jul 25, 1997",Air Force One,"$85,000,000.00","$172,956,409.00","$315,268,353.00"
619,"Dec 1, 2021",Sing 2,"$85,000,000.00","$162,790,990.00","$404,534,588.00"
620,"Apr 2, 2009",Fast & Furious,"$85,000,000.00","$155,064,265.00","$359,347,833.00"
621,"Mar 14, 2008",Horton Hears a Who,"$85,000,000.00","$154,529,439.00","$299,477,886.00"
622,"Jun 22, 2022",Elvis,"$85,000,000.00","$151,416,153.00","$279,938,634.00"
623,"Mar 21, 2014",Divergent,"$85,000,000.00","$150,947,895.00","$276,014,965.00"
624,"Sep 27, 2012",Hotel Transylvania,"$85,000,000.00","$148,313,048.00","$377,369,679.00"
625,"Apr 3, 2019",Shazam!,"$85,000,000.00","$140,371,656.00","$363,563,907.00"
626,"Nov 21, 2007",Enchanted,"$85,000,000.00","$127,706,877.00","$340,384,141.00"
627,"Feb 8, 2012",Safe House,"$85,000,000.00","$126,181,630.00","$207,884,401.00"
628,"Jul 20, 2007",I Now Pronounce You Chuck and Larry,"$85,000,000.00","$119,725,280.00","$185,708,462.00"
629,"Jun 8, 2007",Ocean\'s Thirteen,"$85,000,000.00","$117,144,465.00","$311,744,465.00"
630,"Dec 25, 2009",It’s Complicated,"$85,000,000.00","$112,735,375.00","$224,614,744.00"
631,"Nov 20, 1998",Enemy of the State,"$85,000,000.00","$111,549,836.00","$250,649,836.00"
632,"Sep 29, 2006",Open Season,"$85,000,000.00","$85,105,259.00","$191,932,158.00"
633,"Nov 4, 2011",Tower Heist,"$85,000,000.00","$78,046,570.00","$150,422,946.00"
634,"Nov 22, 2000",102 Dalmatians,"$85,000,000.00","$66,941,559.00","$66,941,559.00"
635,"Mar 15, 2012",Mirror Mirror,"$85,000,000.00","$64,935,167.00","$173,613,482.00"
636,"Dec 8, 2006",The Holiday,"$85,000,000.00","$63,280,000.00","$204,920,447.00"
637,"Jun 15, 2006",The Fast and the Furious: Tokyo Drift,"$85,000,000.00","$62,615,510.00","$157,794,205.00"
638,"Dec 9, 2005",Memoirs of a Geisha,"$85,000,000.00","$57,010,853.00","$161,510,853.00"
639,"Mar 16, 2001",Enemy at the Gates,"$85,000,000.00","$51,396,781.00","$96,971,293.00"
640,"Jun 18, 1993",Last Action Hero,"$85,000,000.00","$50,016,394.00","$137,298,489.00"
641,"Sep 26, 2003",The Rundown,"$85,000,000.00","$47,641,743.00","$80,831,893.00"
642,"Nov 11, 2011",Arthur Christmas,"$85,000,000.00","$46,462,469.00","$147,799,400.00"
643,"Jan 19, 2017",xXx: Return of Xander Cage,"$85,000,000.00","$44,898,413.00","$345,033,359.00"
644,"Nov 13, 1998",Meet Joe Black,"$85,000,000.00","$44,650,003.00","$44,650,003.00"
645,"Jul 30, 2010",Cats & Dogs: The Revenge of Kitty Galore,"$85,000,000.00","$43,585,753.00","$113,026,383.00"
646,"Feb 8, 2002",Collateral Damage,"$85,000,000.00","$40,048,332.00","$78,353,508.00"
647,"Mar 15, 2002",Showtime,"$85,000,000.00","$37,948,765.00","$78,948,765.00"
648,"Jun 30, 1995",Judge Dredd,"$85,000,000.00","$34,687,912.00","$113,487,912.00"
649,"Mar 2, 2007",Zodiac,"$85,000,000.00","$33,080,084.00","$83,027,938.00"
650,"Aug 12, 2010",Scott Pilgrim vs. The World,"$85,000,000.00","$32,951,310.00","$49,245,842.00"
651,"Mar 28, 2003",The Core,"$85,000,000.00","$31,111,260.00","$74,120,792.00"
652,"May 9, 1997",Father's Day,"$85,000,000.00","$28,681,080.00","$35,681,080.00"
653,"Dec 11, 2017",The Greatest Showman,"$84,000,000.00","$174,340,174.00","$428,796,000.00"
654,"Jun 14, 2002",Scooby-Doo,"$84,000,000.00","$153,294,164.00","$276,294,164.00"
655,"Jul 28, 2000",Nutty Professor II: The Klumps,"$84,000,000.00","$123,307,945.00","$166,307,945.00"
656,"Jul 19, 2013",RED 2,"$84,000,000.00","$53,262,560.00","$141,507,355.00"
657,"Jun 23, 2006",Click,"$82,500,000.00","$137,355,633.00","$237,685,089.00"
658,"Dec 15, 2006",Charlotte\'s Web,"$82,500,000.00","$82,985,708.00","$143,985,708.00"
659,"Feb 14, 2008",Jumper,"$82,500,000.00","$80,172,128.00","$222,640,812.00"
660,"Jul 11, 2008",Hellboy II: The Golden Army,"$82,500,000.00","$75,986,503.00","$160,388,063.00"
661,"May 27, 2005",The Longest Yard,"$82,000,000.00","$158,119,460.00","$191,558,505.00"
662,"Aug 13, 2010",The Expendables,"$82,000,000.00","$103,068,524.00","$268,268,174.00"
663,"Feb 5, 2020",Birds of Prey (And the Fantabulous Emancipation…,"$82,000,000.00","$84,158,461.00","$201,005,552.00"
664,"Jul 1, 2021",The Boss Baby: Family Business,"$82,000,000.00","$57,300,280.00","$146,281,732.00"
665,"Nov 17, 2000",The 6th Day,"$82,000,000.00","$34,543,701.00","$96,024,898.00"
666,"May 23, 2003",Bruce Almighty,"$81,000,000.00","$242,704,995.00","$484,468,608.00"
667,"Mar 8, 2012",The Hunger Games,"$80,000,000.00","$408,010,692.00","$677,923,379.00"
668,"Jun 16, 2022",Minions: The Rise of Gru,"$80,000,000.00","$370,270,765.00","$937,427,564.00"
669,"May 26, 2011",The Hangover Part II,"$80,000,000.00","$254,464,305.00","$586,764,305.00"
670,"May 21, 1996",Mission: Impossible,"$80,000,000.00","$180,981,886.00","$457,697,994.00"
671,"Feb 2, 2017",The Lego Batman Movie,"$80,000,000.00","$175,750,384.00","$310,082,280.00"
672,"Sep 23, 2015",Hotel Transylvania 2,"$80,000,000.00","$169,700,110.00","$474,800,000.00"
673,"Jun 18, 1992",Batman Returns,"$80,000,000.00","$162,833,635.00","$266,824,291.00"
674,"May 24, 2019",The Secret Life of Pets 2,"$80,000,000.00","$159,214,420.00","$446,449,908.00"
675,"May 7, 1999",The Mummy,"$80,000,000.00","$157,138,535.00","$418,138,535.00"
676,"May 19, 2006",Over the Hedge,"$80,000,000.00","$155,019,340.00","$343,397,247.00"
677,"Jun 21, 2002",Lilo & Stitch,"$80,000,000.00","$145,771,527.00","$245,799,997.00"
678,"May 8, 1998",Deep Impact,"$80,000,000.00","$140,464,664.00","$349,464,664.00"
679,"Jul 12, 2013",Grown Ups 2,"$80,000,000.00","$133,668,525.00","$247,023,808.00"
680,"Dec 14, 2011",Alvin and the Chipmunks: Chipwrecked,"$80,000,000.00","$133,107,389.00","$349,088,523.00"
681,"Jun 20, 2008",Get Smart,"$80,000,000.00","$130,319,208.00","$226,739,416.00"
682,"Mar 11, 2005",Robots,"$80,000,000.00","$128,200,012.00","$260,636,271.00"
683,"Feb 19, 2010",Shutter Island,"$80,000,000.00","$128,012,934.00","$299,461,782.00"
684,"Dec 12, 2003",Something's Gotta Give,"$80,000,000.00","$124,685,242.00","$266,685,242.00"
685,"Nov 26, 2008",Four Christmases,"$80,000,000.00","$120,146,040.00","$168,311,558.00"
686,"Jun 27, 1997",Face/Off,"$80,000,000.00","$112,276,146.00","$241,199,984.00"
687,"Dec 25, 2008",Bedtime Stories,"$80,000,000.00","$110,101,975.00","$221,468,935.00"
688,"Aug 14, 2024",Alien: Romulus,"$80,000,000.00","$105,313,091.00","$350,768,919.00"
689,"Jul 12, 2002",Road to Perdition,"$80,000,000.00","$104,054,514.00","$183,354,514.00"
690,"Feb 11, 2011",Just Go With It,"$80,000,000.00","$103,028,109.00","$214,974,953.00"
691,"Feb 14, 2003",Daredevil,"$80,000,000.00","$102,543,518.00","$182,782,518.00"
692,"Sep 26, 2008",Eagle Eye,"$80,000,000.00","$101,440,743.00","$180,585,259.00"
693,"Jun 6, 1997",Con Air,"$80,000,000.00","$101,117,573.00","$224,117,573.00"
694,"Dec 17, 2010",Yogi Bear,"$80,000,000.00","$100,246,011.00","$204,774,690.00"
695,"Dec 25, 2003",Cold Mountain,"$80,000,000.00","$95,632,614.00","$165,173,909.00"
696,"Jan 15, 2010",The Book of Eli,"$80,000,000.00","$94,835,059.00","$158,750,817.00"
697,"Nov 26, 1997",Flubber,"$80,000,000.00","$92,993,801.00","$177,993,801.00"
698,"Jul 23, 1999",The Haunting,"$80,000,000.00","$91,188,905.00","$180,188,905.00"
699,"Nov 15, 1996",Space Jam,"$80,000,000.00","$90,463,534.00","$250,180,384.00"
700,"Oct 17, 2014",Fury,"$80,000,000.00","$85,817,906.00","$210,315,681.00"
701,"Sep 21, 2018",Smallfoot,"$80,000,000.00","$83,240,103.00","$214,244,195.00"
702,"Feb 10, 2006",The Pink Panther,"$80,000,000.00","$82,226,474.00","$158,926,474.00"
703,"Jul 8, 2011",Zookeeper,"$80,000,000.00","$80,360,866.00","$170,805,525.00"
704,"Dec 12, 2008",The Day the Earth Stood Still,"$80,000,000.00","$79,366,978.00","$237,370,350.00"
705,"Aug 8, 1997",Conspiracy Theory,"$80,000,000.00","$76,118,990.00","$142,783,718.00"
706,"Jun 12, 1998","Six Days, Seven Nights","$80,000,000.00","$74,339,294.00","$164,800,000.00"
707,"May 24, 2002",Spirit: Stallion of the Cimarron,"$80,000,000.00","$73,215,310.00","$106,515,310.00"
708,"Jun 8, 2001",Swordfish,"$80,000,000.00","$69,772,969.00","$147,080,413.00"
709,"Apr 3, 1998",Lost In Space,"$80,000,000.00","$69,117,629.00","$136,047,317.00"
710,"Jul 30, 2004",The Manchurian Candidate,"$80,000,000.00","$65,948,711.00","$96,135,872.00"
711,"Nov 22, 2006",Déjà Vu,"$80,000,000.00","$64,038,616.00","$181,038,616.00"
712,"Jun 24, 2005",Bewitched,"$80,000,000.00","$63,313,159.00","$131,159,306.00"
713,"Dec 31, 1999",Fantasia 2000,"$80,000,000.00","$60,507,228.00","$60,518,248.00"
714,"Dec 22, 2006",The Good Shepherd,"$80,000,000.00","$59,908,565.00","$100,378,271.00"
715,"Mar 8, 2002",The Time Machine,"$80,000,000.00","$56,684,819.00","$98,983,590.00"
716,"Oct 2, 1998",What Dreams May Come,"$80,000,000.00","$55,485,043.00","$71,485,043.00"
717,"Dec 25, 1998",Mighty Joe Young,"$80,000,000.00","$50,632,037.00","$50,632,037.00"
718,"Sep 19, 2019",Ad Astra,"$80,000,000.00","$50,188,370.00","$135,406,280.00"
719,"Oct 28, 2005",The Legend of Zorro,"$80,000,000.00","$45,575,336.00","$141,475,336.00"
720,"Feb 14, 2024",Madame Web,"$80,000,000.00","$43,817,106.00","$100,298,817.00"
721,"Sep 27, 2023",The Creator,"$80,000,000.00","$40,774,679.00","$104,272,136.00"
722,"Nov 10, 2000",Little Nicky,"$80,000,000.00","$39,442,871.00","$58,270,391.00"
723,"Sep 25, 2009",Surrogates,"$80,000,000.00","$38,577,772.00","$119,668,350.00"
724,"Jun 8, 2001",Evolution,"$80,000,000.00","$38,311,134.00","$98,341,932.00"
725,"Aug 26, 2005",The Brothers Grimm,"$80,000,000.00","$37,899,638.00","$105,299,638.00"
726,"Dec 13, 1996",Mars Attacks!,"$80,000,000.00","$37,771,017.00","$101,371,017.00"
727,"Apr 14, 2006",The Wild,"$80,000,000.00","$37,384,046.00","$99,010,667.00"
728,"Dec 20, 2013",Walking with Dinosaurs,"$80,000,000.00","$36,076,121.00","$123,368,842.00"
729,"Dec 22, 2000",Thirteen Days,"$80,000,000.00","$34,566,746.00","$66,554,547.00"
730,"Dec 6, 1996",Daylight,"$80,000,000.00","$32,908,290.00","$158,908,290.00"
731,"Oct 21, 2015",The Last Witch Hunter,"$80,000,000.00","$27,367,660.00","$130,818,912.00"
732,"Feb 21, 2014",Pompeii,"$80,000,000.00","$23,169,033.00","$108,469,033.00"
733,"May 12, 2000",Battlefield Earth: A Saga of the Year 3000,"$80,000,000.00","$21,471,685.00","$29,725,663.00"
734,"Nov 14, 2003",Looney Tunes: Back in Action,"$80,000,000.00","$20,950,820.00","$54,540,662.00"
735,"Dec 18, 2009",Nine,"$80,000,000.00","$19,676,965.00","$56,984,219.00"
736,"Nov 26, 2003",Timeline,"$80,000,000.00","$19,480,739.00","$26,703,184.00"
737,"Apr 22, 2010",Oceans,"$80,000,000.00","$19,422,319.00","$86,787,530.00"
738,"Nov 25, 1998",Babe: Pig in the City,"$80,000,000.00","$18,319,860.00","$69,131,860.00"
739,"Dec 25, 1997",The Postman,"$80,000,000.00","$17,650,704.00","$20,841,123.00"
740,"Nov 10, 2000",Red Planet,"$80,000,000.00","$17,480,890.00","$33,463,969.00"
741,"Jan 12, 2007",Arthur et les Minimoys,"$80,000,000.00","$15,132,763.00","$113,325,743.00"
742,"Aug 17, 2007",The Invasion,"$80,000,000.00","$15,074,191.00","$40,147,042.00"
743,"Oct 6, 2022",Amsterdam,"$80,000,000.00","$14,947,969.00","$29,400,826.00"
744,"Sep 2, 2005",A Sound of Thunder,"$80,000,000.00","$1,900,451.00","$6,300,451.00"
745,"Nov 1, 2019",The Aeronauts,"$80,000,000.00",$0.00,"$6,628,721.00"
746,"Jun 15, 1994",The Lion King,"$79,300,000.00","$423,981,226.00","$988,389,726.00"
747,"Jan 19, 2012",Journey 2: The Mysterious Island,"$79,000,000.00","$103,860,290.00","$318,146,162.00"
748,"Nov 11, 2011",Jack and Jill,"$79,000,000.00","$74,158,157.00","$150,519,217.00"
749,"Dec 21, 2001",A Beautiful Mind,"$78,000,000.00","$170,708,996.00","$317,668,058.00"
750,"Sep 26, 2013",Cloudy with a Chance of Meatballs 2,"$78,000,000.00","$119,793,567.00","$274,392,649.00"
751,"Sep 13, 2024",The Wild Robot,"$78,000,000.00","$112,904,285.00","$234,223,442.00"
752,"Oct 4, 2002",Red Dragon,"$78,000,000.00","$92,955,420.00","$206,455,420.00"
753,"Mar 5, 2004",Hidalgo,"$78,000,000.00","$67,286,731.00","$108,086,731.00"
754,"Jul 11, 2003",The League of Extraordinary Gentlemen,"$78,000,000.00","$66,465,204.00","$179,265,204.00"
755,"Aug 20, 2004",Exorcist: The Beginning,"$78,000,000.00","$41,814,863.00","$43,957,541.00"
756,"Oct 17, 2012",Astérix et Obélix: Au service de Sa Majesté,"$77,600,000.00",$0.00,"$60,680,125.00"
757,"Jul 29, 2015",The Little Prince,"$77,500,000.00","$1,311,213.00","$102,027,275.00"
758,"Sep 1, 2017",Renegades,"$77,500,000.00",$0.00,"$1,521,672.00"
759,"Jul 18, 2018",The Equalizer 2,"$77,000,000.00","$102,084,362.00","$190,376,181.00"
760,"Jun 26, 2013",Despicable Me 2,"$76,000,000.00","$368,065,385.00","$975,216,835.00"
761,"Jun 6, 2003",2 Fast 2 Furious,"$76,000,000.00","$127,120,058.00","$236,410,607.00"
762,"Dec 25, 2006",Children of Men,"$76,000,000.00","$35,552,383.00","$69,845,011.00"
763,"Jun 30, 2000",The Adventures of Rocky & Bullwinkle,"$76,000,000.00","$26,000,610.00","$35,129,610.00"
764,"May 8, 2016",The Secret Life of Pets,"$75,000,000.00","$369,094,830.00","$886,013,000.00"
765,"Jul 2, 1996",Independence Day,"$75,000,000.00","$306,169,255.00","$817,400,878.00"
766,"Nov 7, 2018",Dr. Seuss’ The Grinch,"$75,000,000.00","$272,699,130.00","$514,873,747.00"
767,"Nov 24, 2016",Sing,"$75,000,000.00","$270,329,045.00","$631,064,182.00"
768,"Jun 14, 2017",Despicable Me 3,"$75,000,000.00","$264,624,300.00","$1,032,809,657.00"
769,"May 22, 1997",The Lost World: Jurassic Park,"$75,000,000.00","$229,086,679.00","$618,638,999.00"
770,"Mar 31, 2006",Ice Age: The Meltdown,"$75,000,000.00","$195,330,621.00","$651,899,282.00"
771,"May 27, 2005",Madagascar,"$75,000,000.00","$193,595,521.00","$556,559,566.00"
772,"May 15, 2019",John Wick: Chapter 3 — Parabellum,"$75,000,000.00","$171,016,727.00","$326,685,379.00"
773,"Jun 25, 2010",Grown Ups,"$75,000,000.00","$162,001,186.00","$272,222,420.00"
774,"Sep 20, 2004",Shark Tale,"$75,000,000.00","$161,412,000.00","$371,741,123.00"
775,"Jul 14, 2000",X-Men,"$75,000,000.00","$157,299,717.00","$296,872,367.00"
776,"Mar 1, 2023",Creed III,"$75,000,000.00","$156,248,615.00","$274,448,615.00"
777,"Jun 27, 2008",Wanted,"$75,000,000.00","$134,508,551.00","$342,416,460.00"
778,"Jun 7, 1996",The Rock,"$75,000,000.00","$134,069,511.00","$336,069,511.00"
779,"Nov 18, 2021",Ghostbusters: Afterlife,"$75,000,000.00","$129,360,575.00","$203,540,177.00"
780,"Feb 13, 2004",50 First Dates,"$75,000,000.00","$120,776,832.00","$196,320,329.00"
781,"Jul 18, 2018",Mamma Mia: Here We Go Again!,"$75,000,000.00","$120,634,935.00","$393,439,007.00"
782,"Jul 20, 2007",Hairspray,"$75,000,000.00","$118,871,849.00","$202,822,861.00"
783,"May 31, 2013",Now You See Me,"$75,000,000.00","$117,723,989.00","$342,769,200.00"
784,"Dec 15, 2006",Dreamgirls,"$75,000,000.00","$103,365,956.00","$155,620,350.00"
785,"Aug 3, 2018",Christopher Robin,"$75,000,000.00","$99,215,042.00","$197,744,377.00"
786,"Jul 23, 1999",Inspector Gadget,"$75,000,000.00","$97,387,965.00","$97,387,965.00"
787,"Nov 11, 2011",Immortals,"$75,000,000.00","$83,504,017.00","$211,562,435.00"
788,"Jun 18, 2004",The Terminal,"$75,000,000.00","$77,073,959.00","$218,673,959.00"
789,"Feb 18, 2005",Constantine,"$75,000,000.00","$75,976,178.00","$221,593,554.00"
790,"Mar 30, 2022",Morbius,"$75,000,000.00","$73,865,530.00","$162,759,437.00"
791,"Jul 21, 2006",Monster House,"$75,000,000.00","$73,661,010.00","$141,267,370.00"
792,"Dec 8, 2000",Vertical Limit,"$75,000,000.00","$68,473,360.00","$213,500,000.00"
793,"Dec 21, 2007",Charlie Wilson’s War,"$75,000,000.00","$66,661,095.00","$119,512,771.00"
794,"Apr 16, 1999",Life,"$75,000,000.00","$64,062,587.00","$73,521,587.00"
795,"Sep 19, 2019",Abominable,"$75,000,000.00","$60,761,390.00","$188,668,889.00"
796,"Sep 11, 2024",Transformers One,"$75,000,000.00","$58,098,673.00","$124,298,673.00"
797,"Mar 4, 2005",Be Cool,"$75,000,000.00","$55,849,401.00","$94,944,017.00"
798,"Nov 24, 2021",House of Gucci,"$75,000,000.00","$53,809,574.00","$147,474,138.00"
799,"Dec 23, 2005",Munich,"$75,000,000.00","$47,379,090.00","$131,492,772.00"
800,"Jun 4, 2010",Killers,"$75,000,000.00","$47,059,963.00","$95,572,749.00"
801,"Aug 12, 2015",The Man From U.N.C.L.E.,"$75,000,000.00","$45,445,109.00","$108,517,735.00"
802,"Mar 7, 2003",Tears of the Sun,"$75,000,000.00","$43,632,458.00","$85,632,458.00"
803,"Jul 21, 2006",Lady in the Water,"$75,000,000.00","$42,285,169.00","$72,785,169.00"
804,"Dec 17, 2004",Spanglish,"$75,000,000.00","$42,044,321.00","$54,344,321.00"
805,"Oct 12, 2001",Bandits,"$75,000,000.00","$41,523,271.00","$71,523,271.00"
806,"Dec 17, 1999",Anna and the King,"$75,000,000.00","$39,251,128.00","$39,251,128.00"
807,"Jul 7, 1995",First Knight,"$75,000,000.00","$37,361,412.00","$127,361,412.00"
808,"Mar 25, 2011",Sucker Punch,"$75,000,000.00","$36,392,502.00","$89,758,389.00"
809,"Mar 11, 2005",Hostage,"$75,000,000.00","$34,636,443.00","$77,636,443.00"
810,"Oct 5, 2016",Inferno,"$75,000,000.00","$34,343,574.00","$219,519,367.00"
811,"Jun 13, 2003",Hollywood Homicide,"$75,000,000.00","$30,207,785.00","$50,409,753.00"
812,"Jun 16, 2000",Titan A.E.,"$75,000,000.00","$22,751,979.00","$36,751,979.00"
813,"Dec 17, 2004",Flight of the Phoenix,"$75,000,000.00","$21,009,180.00","$34,009,180.00"
814,"Oct 23, 1998",Soldier,"$75,000,000.00","$14,623,082.00","$14,623,082.00"
815,"Jan 6, 2022",The 355,"$75,000,000.00","$14,570,455.00","$18,902,798.00"
816,"Jan 15, 1999",Virus,"$75,000,000.00","$14,010,690.00","$30,626,690.00"
817,"Sep 27, 2024",Devara Part 1,"$75,000,000.00","$5,600,000.00","$33,398,822.00"
818,"Feb 23, 2001",Monkeybone,"$75,000,000.00","$5,409,517.00","$5,409,517.00"
819,"Aug 7, 2019",PLAYMOBIL,"$75,000,000.00","$1,115,008.00","$16,288,031.00"
820,"Dec 8, 2021",Don’t Look Up,"$75,000,000.00",$0.00,"$762,858.00"
821,"Jun 24, 2022",The Man From Toronto,"$75,000,000.00",$0.00,"$470,000.00"
822,"Jun 17, 2015",Minions,"$74,000,000.00","$336,045,770.00","$1,157,271,759.00"
823,"Jan 28, 2015",The SpongeBob Movie: Sponge Out of Water,"$74,000,000.00","$162,994,032.00","$311,013,181.00"
824,"Mar 24, 2022",The Lost City,"$74,000,000.00","$105,344,029.00","$192,327,444.00"
825,"Nov 22, 2000",Unbreakable,"$73,243,106.00","$94,999,143.00","$248,099,143.00"
826,"Aug 4, 2006",Talladega Nights: The Ballad of Ricky Bobby,"$73,000,000.00","$148,213,377.00","$162,870,525.00"
827,"May 11, 2016",The Angry Birds Movie,"$73,000,000.00","$107,509,366.00","$352,288,341.00"
828,"Aug 7, 1998",Snake Eyes,"$73,000,000.00","$55,591,409.00","$103,891,409.00"
829,"Feb 13, 1998",Sphere,"$73,000,000.00","$37,068,294.00","$50,168,294.00"
830,"Jul 26, 2007",The Simpsons Movie,"$72,500,000.00","$183,135,014.00","$527,071,022.00"
831,"Feb 8, 2008",Fool’s Gold,"$72,500,000.00","$70,231,041.00","$109,362,966.00"
832,"Jul 31, 2009",Funny People,"$72,500,000.00","$51,855,045.00","$71,880,305.00"
833,"Sep 28, 2007",The Kingdom,"$72,500,000.00","$47,467,250.00","$86,802,457.00"
834,"Dec 6, 2023",Migration,"$72,000,000.00","$127,306,285.00","$299,026,066.00"
835,"Jun 22, 2001",Dr. Dolittle 2,"$72,000,000.00","$112,950,721.00","$176,101,721.00"
836,"May 24, 1995",Braveheart,"$72,000,000.00","$75,545,647.00","$209,045,244.00"
837,"Nov 4, 2005",Jarhead,"$72,000,000.00","$62,647,540.00","$96,947,540.00"
838,"Apr 27, 2001",Driven,"$72,000,000.00","$32,616,869.00","$54,616,869.00"
839,"Dec 21, 2001",The Majestic,"$72,000,000.00","$27,796,042.00","$37,306,334.00"
840,"Jun 25, 2004",Two Brothers,"$72,000,000.00","$19,176,754.00","$62,176,754.00"
841,"Jul 30, 2004",The Village,"$71,682,975.00","$114,197,520.00","$257,641,634.00"
842,"Jun 26, 1998",Doctor Dolittle,"$71,500,000.00","$144,156,605.00","$294,156,605.00"
843,"Aug 2, 2002",Signs,"$70,702,619.00","$227,969,295.00","$408,250,578.00"
844,"May 19, 2004",Shrek 2,"$70,000,000.00","$441,426,807.00","$935,454,538.00"
845,"May 1, 2006",Cars,"$70,000,000.00","$244,082,982.00","$461,630,558.00"
846,"Dec 23, 2009",Alvin and the Chipmunks: The Squeakquel,"$70,000,000.00","$219,614,612.00","$443,483,213.00"
847,"Sep 4, 2019",It: Chapter Two,"$70,000,000.00","$211,593,228.00","$467,561,586.00"
848,"Jun 22, 1988",Who Framed Roger Rabbit?,"$70,000,000.00","$154,112,492.00","$351,500,000.00"
849,"Jul 30, 1999",Runaway Bride,"$70,000,000.00","$152,257,509.00","$310,138,178.00"
850,"Aug 9, 2002",xXx,"$70,000,000.00","$141,930,000.00","$267,200,000.00"
851,"Jun 8, 2018",Ocean’s 8,"$70,000,000.00","$140,218,711.00","$297,718,711.00"
852,"Nov 8, 1996",Ransom,"$70,000,000.00","$136,492,681.00","$308,700,000.00"
853,"Aug 21, 2009",Inglourious Basterds,"$70,000,000.00","$120,774,594.00","$316,802,281.00"
854,"Dec 11, 1991",Hook,"$70,000,000.00","$119,654,823.00","$300,854,823.00"
855,"Aug 2, 2023",Teenage Mutant Ninja Turtles: Mutant Mayhem,"$70,000,000.00","$118,700,272.00","$180,329,865.00"
856,"Jul 3, 1990",Die Hard 2,"$70,000,000.00","$117,323,878.00","$239,813,888.00"
857,"Aug 8, 2003",S.W.A.T.,"$70,000,000.00","$116,877,597.00","$207,154,748.00"
858,"Nov 10, 2017",Daddy’s Home 2,"$70,000,000.00","$104,029,443.00","$175,807,183.00"
859,"Nov 19, 1999",Sleepy Hollow,"$70,000,000.00","$101,068,340.00","$207,068,340.00"
860,"Dec 14, 2001",Vanilla Sky,"$70,000,000.00","$100,614,858.00","$202,726,605.00"
861,"Jun 13, 1997",Hercules,"$70,000,000.00","$99,112,101.00","$250,700,000.00"
862,"Mar 20, 2013",Olympus Has Fallen,"$70,000,000.00","$98,927,592.00","$172,836,993.00"
863,"Mar 17, 2022",The Bad Guys,"$70,000,000.00","$97,459,240.00","$250,901,649.00"
864,"Mar 11, 2011",Battle: Los Angeles,"$70,000,000.00","$83,552,429.00","$213,463,976.00"
865,"Aug 13, 2004",AVP: Alien Vs. Predator,"$70,000,000.00","$80,281,096.00","$172,543,519.00"
866,"Dec 25, 2011",War Horse,"$70,000,000.00","$79,883,359.00","$156,815,529.00"
867,"Mar 1, 2002",We Were Soldiers,"$70,000,000.00","$78,120,196.00","$114,658,262.00"
868,"Feb 7, 2014",The Monuments Men,"$70,000,000.00","$78,031,620.00","$158,702,748.00"
869,"Sep 22, 2016",Storks,"$70,000,000.00","$72,679,278.00","$183,353,431.00"
870,"Dec 11, 1998",Star Trek: Insurrection,"$70,000,000.00","$70,187,658.00","$117,800,000.00"
871,"Dec 10, 2003",Big Fish,"$70,000,000.00","$66,432,867.00","$123,954,323.00"
872,"Jun 17, 1994",Wolf,"$70,000,000.00","$65,011,757.00","$131,011,757.00"
873,"Jan 20, 2012",Underworld: Awakening,"$70,000,000.00","$62,321,039.00","$160,379,930.00"
874,"Sep 15, 2017",The Lego Ninjago Movie,"$70,000,000.00","$59,281,555.00","$122,737,201.00"
875,"Oct 1, 2014",Dracula Untold,"$70,000,000.00","$55,991,880.00","$220,241,723.00"
876,"Sep 29, 2006",The Guardian,"$70,000,000.00","$55,011,732.00","$94,973,540.00"
877,"Aug 9, 1989",The Abyss,"$70,000,000.00","$54,763,229.00","$54,793,434.00"
878,"Sep 24, 2010",Wall Street 2: Money Never Sleeps,"$70,000,000.00","$52,474,616.00","$137,431,619.00"
879,"Jan 14, 2011",The Dilemma,"$70,000,000.00","$48,475,290.00","$70,546,865.00"
880,"Dec 25, 2005",Rumor Has It,"$70,000,000.00","$42,996,140.00","$88,933,562.00"
881,"Nov 6, 1998",The Siege,"$70,000,000.00","$40,934,175.00","$116,625,798.00"
882,"Aug 10, 2007",Stardust,"$70,000,000.00","$38,634,938.00","$137,022,245.00"
883,"Jun 13, 2012",Rock of Ages,"$70,000,000.00","$38,518,613.00","$61,031,932.00"
884,"Jun 11, 2021",The Hitman’s Wife’s Bodyguard,"$70,000,000.00","$38,014,727.00","$67,387,455.00"
885,"Oct 8, 1997",Seven Years in Tibet,"$70,000,000.00","$37,945,884.00","$131,445,884.00"
886,"Sep 17, 2004",Sky Captain and the World of Tomorrow,"$70,000,000.00","$37,760,080.00","$49,730,854.00"
887,"Sep 14, 2007",The Brave One,"$70,000,000.00","$36,793,804.00","$69,792,704.00"
888,"Nov 1, 2002",I Spy,"$70,000,000.00","$33,561,137.00","$60,279,822.00"
889,"Jun 7, 2002",Bad Company,"$70,000,000.00","$30,157,016.00","$69,157,016.00"
890,"Oct 21, 2005",Doom,"$70,000,000.00","$28,212,337.00","$58,757,178.00"
891,"Jan 27, 2016",The Finest Hours,"$70,000,000.00","$27,569,558.00","$49,252,761.00"
892,"Oct 10, 2013",Escape Plan,"$70,000,000.00","$25,135,965.00","$103,735,965.00"
893,"Sep 23, 2011",Killer Elite,"$70,000,000.00","$25,124,986.00","$65,409,046.00"
894,"Jan 16, 1998",Hard Rain,"$70,000,000.00","$19,870,567.00","$19,870,567.00"
895,"Feb 15, 2002",Hart's War,"$70,000,000.00","$19,076,815.00","$33,076,815.00"
896,"Feb 8, 2002",Rollerball,"$70,000,000.00","$18,990,542.00","$25,852,508.00"
897,"Jan 10, 2014",The Legend of Hercules,"$70,000,000.00","$18,848,538.00","$58,953,319.00"
898,"Apr 27, 2007",Next,"$70,000,000.00","$18,211,013.00","$73,591,500.00"
899,"Jun 28, 2023","Ruby Gillman, Teenage Kraken","$70,000,000.00","$15,753,600.00","$46,247,409.00"
900,"Sep 20, 2002",Ballistic: Ecks vs. Sever,"$70,000,000.00","$14,294,842.00","$14,294,842.00"